signal_time,entry_time,exit_time,direction,confidence,entry_price,exit_price,notional,costs,pnl,return_pct
2025-04-28 14:00:00+00:00,2025-04-28 15:00:00+00:00,2025-04-28 20:00:00+00:00,-1,0.5070669778847189,3326.0,3349.2,10000.0,10.034876728803367,-79.78833433553764,-0.007978833433553763
2025-04-28 19:00:00+00:00,2025-04-28 20:00:00+00:00,2025-04-29 01:00:00+00:00,1,0.5186881890014888,3349.2,3329.3,9920.211665664463,9.890740118407399,-68.83383463253591,-0.006938746566344093
2025-04-30 12:00:00+00:00,2025-04-30 13:00:00+00:00,2025-04-30 18:00:00+00:00,-1,0.5415193825508307,3298.3,3305.21,9851.377831031929,9.861697241154179,-30.50051748565261,-0.0030960661552920754
2025-04-30 17:00:00+00:00,2025-04-30 18:00:00+00:00,2025-04-30 23:00:00+00:00,-1,0.5151739119053884,3305.21,3274.29,9820.877313546274,9.77494051580349,82.0986549697637,0.008359604987277685
2025-05-01 05:00:00+00:00,2025-05-01 06:00:00+00:00,2025-05-01 11:00:00+00:00,-1,0.6142840475034257,3236.5,3222.91,9902.975968516039,9.882184767618135,31.700217028190426,0.003201079870230232
2025-05-01 14:00:00+00:00,2025-05-01 15:00:00+00:00,2025-05-01 20:00:00+00:00,-1,0.5157123307145097,3219.18,3228.57,9934.67618554423,9.949165373688766,-38.92754166276349,-0.003918350325238205
2025-05-01 20:00:00+00:00,2025-05-01 21:00:00+00:00,2025-05-02 02:00:00+00:00,-1,0.5202421736342571,3250.3,3236.45,9895.748643881465,9.874665033335091,32.29255605941385,0.0032632756976280226
2025-05-02 01:00:00+00:00,2025-05-02 02:00:00+00:00,2025-05-02 07:00:00+00:00,-1,0.6102152457445174,3236.45,3252.74,9928.041199940879,9.953026568345617,-59.92376337782408,-0.006035809297223799
2025-05-02 06:00:00+00:00,2025-05-02 07:00:00+00:00,2025-05-02 12:00:00+00:00,-1,0.5296620327378325,3252.74,3261.99,9868.117436563054,9.882148697329086,-37.94467022939382,-0.003845178218978461
2025-05-02 11:00:00+00:00,2025-05-02 12:00:00+00:00,2025-05-02 17:00:00+00:00,-1,0.5609417293178384,3261.99,3224.67,9830.17276633366,9.773939907305955,102.6917781481048,0.010446589351898598
2025-05-02 16:00:00+00:00,2025-05-02 17:00:00+00:00,2025-05-02 22:00:00+00:00,-1,0.5739208560350043,3224.67,3250.1,9932.864544481765,9.97203021808033,-88.30337741521046,-0.008890021304505526
2025-05-02 21:00:00+00:00,2025-05-02 22:00:00+00:00,2025-05-03 03:00:00+00:00,-1,0.5085253597105334,3250.1,3252.7,9844.561167066555,9.84849887037328,-17.723905483822758,-0.0018003753730654161
2025-05-04 23:00:00+00:00,2025-05-05 00:00:00+00:00,2025-05-05 05:00:00+00:00,-1,0.5450945742939259,3248.06,3256.46,9826.837261582732,9.839544143998282,-35.253308975096175,-0.0035874522022376707
2025-05-05 23:00:00+00:00,2025-05-06 00:00:00+00:00,2025-05-06 05:00:00+00:00,-1,0.5258224737666797,3334.05,3363.14,9791.583952607636,9.83430034516044,-95.26708545076865,-0.009729486660367926
2025-05-06 04:00:00+00:00,2025-05-06 05:00:00+00:00,2025-05-06 10:00:00+00:00,1,0.5793464396945116,3363.14,3383.07,9696.316867156867,9.725047100683042,47.73541995166661,0.004923046617149537
2025-05-06 09:00:00+00:00,2025-05-06 10:00:00+00:00,2025-05-06 15:00:00+00:00,1,0.5943956694549983,3383.07,3386.12,9744.052287108534,9.748444652545206,-0.9637137792028376,-9.890277174290612e-05
2025-05-06 14:00:00+00:00,2025-05-06 15:00:00+00:00,2025-05-06 20:00:00+00:00,1,0.6931748694389224,3386.12,3422.87,9743.088573329333,9.79596007597393,95.94704521322224,0.009847703271000437
2025-05-06 19:00:00+00:00,2025-05-06 20:00:00+00:00,2025-05-07 01:00:00+00:00,1,0.6152748065638384,3422.87,3379.78,9839.035618542555,9.777104542456843,-133.63925671387898,-0.01358255645116516
2025-05-07 00:00:00+00:00,2025-05-07 01:00:00+00:00,2025-05-07 06:00:00+00:00,-1,0.6475671102118526,3379.78,3388.02,9705.396361828678,9.717227378347722,-33.37926041643487,-0.0034392475249867683
2025-05-07 05:00:00+00:00,2025-05-07 06:00:00+00:00,2025-05-07 11:00:00+00:00,-1,0.7979155680026179,3388.02,3391.32,9672.017101412244,9.676727471545046,-19.097467737146243,-0.001974507234313901
2025-05-07 10:00:00+00:00,2025-05-07 11:00:00+00:00,2025-05-07 16:00:00+00:00,-1,0.8423715184961478,3391.32,3385.06,9652.919633675097,9.644010524993698,8.174206837805512,0.0008468118608683989
2025-05-07 15:00:00+00:00,2025-05-07 16:00:00+00:00,2025-05-07 21:00:00+00:00,-1,0.7050292106528958,3385.06,3366.7,9661.093840512904,9.634893760911387,42.76526544212139,0.0044265448766048834
2025-05-07 23:00:00+00:00,2025-05-08 00:00:00+00:00,2025-05-08 05:00:00+00:00,-1,0.5353757913868613,3376.81,3381.99,9703.859105955025,9.711301927755608,-24.596945528919264,-0.0025347591365815184
2025-05-08 04:00:00+00:00,2025-05-08 05:00:00+00:00,2025-05-08 10:00:00+00:00,-1,0.561499320724142,3381.99,3331.89,9679.262160426108,9.607569010204294,133.7787314334242,0.013821170376021194
2025-05-08 09:00:00+00:00,2025-05-08 10:00:00+00:00,2025-05-08 15:00:00+00:00,-1,0.5112699269203902,3331.89,3356.95,9813.040891859531,9.849944091657544,-83.65634368768244,-0.00852501733250496
2025-05-08 14:00:00+00:00,2025-05-08 15:00:00+00:00,2025-05-08 20:00:00+00:00,-1,0.6077265885849755,3356.95,3306.65,9729.384548171849,9.656492779933858,136.12704369604626,0.013991331416911106
2025-05-08 22:00:00+00:00,2025-05-08 23:00:00+00:00,2025-05-09 04:00:00+00:00,-1,0.5024826161007154,3323.63,3308.12,9865.511591867895,9.842492470487075,36.19575029115401,0.003668917719481475
2025-05-09 11:00:00+00:00,2025-05-09 12:00:00+00:00,2025-05-09 17:00:00+00:00,-1,0.6305024067420382,3333.02,3336.75,9901.70734215905,9.90724786822644,-20.98830000300314,-0.0021196647484863634
2025-05-09 16:00:00+00:00,2025-05-09 17:00:00+00:00,2025-05-09 22:00:00+00:00,-1,0.58139459125034,3336.75,3327.8,9880.719042156046,9.86746775940677,16.63509773914566,0.0016835918183861
2025-05-12 00:00:00+00:00,2025-05-12 01:00:00+00:00,2025-05-12 06:00:00+00:00,1,0.5170907615115179,3279.32,3275.94,9897.354139895191,9.892253531081039,-20.09347115938411,-0.0020301861361502107
2025-05-12 09:00:00+00:00,2025-05-12 10:00:00+00:00,2025-05-12 15:00:00+00:00,1,0.5380155844649898,3214.65,3237.65,9877.260668735807,9.912595307869294,60.75668295910334,0.006151167312149068
2025-05-12 16:00:00+00:00,2025-05-12 17:00:00+00:00,2025-05-12 22:00:00+00:00,1,0.5011284126117985,3224.58,3235.85,9938.01735169491,9.955384180173906,24.77827277781798,0.002493281295548562
2025-05-13 04:00:00+00:00,2025-05-13 05:00:00+00:00,2025-05-13 10:00:00+00:00,-1,0.5293528419645022,3252.67,3253.65,9962.795624472728,9.964296474499319,-12.965996527681305,-0.0013014415849133228
2025-05-13 12:00:00+00:00,2025-05-13 13:00:00+00:00,2025-05-13 18:00:00+00:00,-1,0.5944784589078947,3240.87,3246.92,9949.829627945046,9.959116712778606,-28.53328637989556,-0.0028677160762388436
2025-05-14 22:00:00+00:00,2025-05-14 23:00:00+00:00,2025-05-15 04:00:00+00:00,-1,0.5645022955457667,3182.69,3150.33,9921.29634156515,9.870858952184932,91.00391980825027,0.009172583569244924
2025-05-15 12:00:00+00:00,2025-05-15 13:00:00+00:00,2025-05-15 18:00:00+00:00,-1,0.5454306104880486,3189.11,3221.17,10012.3002613734,10.06262689582308,-110.71589579518078,-0.011057987965294374
2025-05-15 17:00:00+00:00,2025-05-15 18:00:00+00:00,2025-05-15 23:00:00+00:00,-1,0.5381177201836128,3221.17,3251.0,9901.584365578221,9.947431722536283,-101.64214563865917,-0.01026524058028602
2025-05-16 00:00:00+00:00,2025-05-16 01:00:00+00:00,2025-05-16 06:00:00+00:00,-1,0.5405019087410892,3243.14,3217.88,9799.942219939561,9.761777580041858,66.56750221536352,0.006792642315780312
2025-05-16 07:00:00+00:00,2025-05-16 08:00:00+00:00,2025-05-16 13:00:00+00:00,-1,0.5922941578876892,3207.48,3177.46,9866.509722154926,9.820337552436161,82.52400188509445,0.008364052153092142
2025-05-16 14:00:00+00:00,2025-05-16 15:00:00+00:00,2025-05-16 20:00:00+00:00,-1,0.6682403491228334,3173.42,3192.52,9949.03372404002,9.978974063504882,-69.85965299322848,-0.007021752557178031
2025-05-16 20:00:00+00:00,2025-05-16 21:00:00+00:00,2025-05-17 02:00:00+00:00,-1,0.6600272901080487,3209.6,3203.5,9879.174071046793,9.86978614703237,8.906061881813763,0.000901498629112634
2025-05-18 15:00:00+00:00,2025-05-18 16:00:00+00:00,2025-05-19 01:00:00+00:00,1,0.5027309769458244,3207.6,3246.24,9888.080132928606,9.94763796687554,109.16802992698908,0.01104036662925548
2025-05-19 11:00:00+00:00,2025-05-19 12:00:00+00:00,2025-05-19 17:00:00+00:00,1,0.5567243633035166,3243.64,3231.78,9997.248162855594,9.97897126356784,-46.53276983907686,-0.004654557842423843
2025-05-20 16:00:00+00:00,2025-05-20 17:00:00+00:00,2025-05-20 22:00:00+00:00,1,0.5034869634442767,3278.85,3288.59,9950.715393016519,9.965494960231851,19.59363947043233,0.0019690684233802207
2025-05-21 09:00:00+00:00,2025-05-21 10:00:00+00:00,2025-05-21 15:00:00+00:00,-1,0.5023316543295676,3313.65,3304.32,9970.30903248695,9.956272700455338,18.116391362768756,0.0018170340862794583
2025-05-22 13:00:00+00:00,2025-05-22 14:00:00+00:00,2025-05-22 19:00:00+00:00,-1,0.5121262745696318,3287.33,3293.83,9988.425423849718,9.998300423508258,-29.748299740590255,-0.002978277203688099
2025-05-22 18:00:00+00:00,2025-05-22 19:00:00+00:00,2025-05-23 00:00:00+00:00,-1,0.599422850250367,3293.83,3300.09,9958.677124109128,9.968140472065297,-28.894836384399973,-0.0029014733607988937
2025-05-23 00:00:00+00:00,2025-05-23 01:00:00+00:00,2025-05-23 06:00:00+00:00,-1,0.5334401939547405,3301.14,3322.8,9929.782287724729,9.962358774082794,-75.11533149021137,-0.007564650393500521
2025-05-23 06:00:00+00:00,2025-05-23 07:00:00+00:00,2025-05-23 12:00:00+00:00,1,0.6482975953534981,3330.34,3344.2,9854.666956234518,9.8751732234645,31.13736123650271,0.0031596563714214386
2025-05-23 11:00:00+00:00,2025-05-23 12:00:00+00:00,2025-05-23 17:00:00+00:00,-1,0.5094089419811028,3344.2,3359.61,9885.80431747102,9.908581101833832,-55.46214982745775,-0.005610281980742872
2025-05-23 16:00:00+00:00,2025-05-23 17:00:00+00:00,2025-05-23 22:00:00+00:00,-1,0.5284830408101243,3359.61,3352.7,9830.342167643563,9.820232710834823,10.398680906644602,0.0010578147463545795
2025-05-29 12:00:00+00:00,2025-05-29 13:00:00+00:00,2025-05-29 18:00:00+00:00,-1,0.5470976021361342,3314.5,3322.5,9840.740848550207,9.852616836902659,-33.60459354180586,-0.003414843867853372
2025-05-30 13:00:00+00:00,2025-05-30 14:00:00+00:00,2025-05-30 19:00:00+00:00,-1,0.538572722241836,3287.2,3299.4,9807.136255008401,9.825335187581885,-46.22320033454744,-0.004713220978340312
2025-05-30 20:00:00+00:00,2025-05-30 21:00:00+00:00,2025-05-31 02:00:00+00:00,-1,0.5082761245996265,3295.8,3292.4,9760.913054673854,9.755878297651904,0.31363574625002855,3.213180411435477e-05
2025-06-04 10:00:00+00:00,2025-06-04 11:00:00+00:00,2025-06-04 16:00:00+00:00,1,0.5471516120499982,3350.81,3371.57,9761.226690420104,9.791464612906477,50.68438035983847,0.0051924191464154095
2025-06-04 17:00:00+00:00,2025-06-04 18:00:00+00:00,2025-06-04 23:00:00+00:00,1,0.527046494546179,3379.1,3373.57,9811.911070779943,9.803882325223224,-25.861373438658926,-0.0026357121718800108
2025-06-05 14:00:00+00:00,2025-06-05 15:00:00+00:00,2025-06-05 20:00:00+00:00,-1,0.5009529865256726,3367.71997,3357.62,9786.049697341283,9.771375257476608,19.57750447187277,0.00200055232472319
2025-06-05 19:00:00+00:00,2025-06-05 20:00:00+00:00,2025-06-06 01:00:00+00:00,-1,0.5848776206949982,3357.62,3359.48999,9805.627201813157,9.808357770610566,-15.269495365430705,-0.0015572176109863963
2025-06-06 14:00:00+00:00,2025-06-06 15:00:00+00:00,2025-06-06 20:00:00+00:00,-1,0.5766220162659098,3325.79,3312.68994,9790.357706447725,9.771075930783006,28.792475398653067,0.0029409012685707027
2025-06-06 19:00:00+00:00,2025-06-06 20:00:00+00:00,2025-06-07 01:00:00+00:00,-1,0.5521642575771086,3312.68994,3319.6,9819.150181846378,9.8293912424549,-30.311512459500186,-0.0030869792088056703
2025-06-11 12:00:00+00:00,2025-06-11 13:00:00+00:00,2025-06-11 18:00:00+00:00,-1,0.5181675404403552,3336.67,3324.36,9788.838669386878,9.770781653856401,26.343249407097165,0.0026911516571911354
2025-06-12 11:00:00+00:00,2025-06-12 12:00:00+00:00,2025-06-12 17:00:00+00:00,-1,0.5516019642349114,3379.19,3384.19995,9815.181918793975,9.822457859278835,-24.374338828997328,-0.0024833303173246012
2025-06-12 16:00:00+00:00,2025-06-12 17:00:00+00:00,2025-06-12 22:00:00+00:00,-1,0.5753400767360205,3384.19995,3386.0,9790.807579964976,9.79341143662899,-15.00112476465332,-0.0015321641899438678
2025-06-13 02:00:00+00:00,2025-06-13 03:00:00+00:00,2025-06-13 08:00:00+00:00,-1,0.5424991858574462,3441.18,3415.01001,9775.806455200323,9.73863421236872,64.60585145084175,0.006608749032308646
2025-06-13 08:00:00+00:00,2025-06-13 09:00:00+00:00,2025-06-13 14:00:00+00:00,-1,0.5429153211313966,3424.28,3437.11011,9840.412306651166,9.858847360493094,-46.72895504435276,-0.0047486785703855635
2025-06-14 12:00:00+00:00,2025-06-14 13:00:00+00:00,2025-06-16 01:00:00+00:00,1,0.5290617152020647,3432.4,3436.37012,9793.683351606813,9.799347332807704,1.5286150689755278,0.00015608173289824952
2025-06-16 13:00:00+00:00,2025-06-16 14:00:00+00:00,2025-06-16 19:00:00+00:00,1,0.5018628660872604,3388.12988,3385.0,9795.211966675788,9.790687665790626,-18.839289436115557,-0.001923316156935506
2025-06-21 07:00:00+00:00,2025-06-21 08:00:00+00:00,2025-06-21 13:00:00+00:00,1,0.5059461751419779,3378.7,3379.7,9776.372677239671,9.777819442663834,-6.884288594337653,-0.0007041761624293367
2025-06-23 06:00:00+00:00,2025-06-23 07:00:00+00:00,2025-06-23 12:00:00+00:00,-1,0.5107651941774466,3357.45,3381.050049,9769.488388645334,9.803824030974626,-78.47510868955843,-0.008032673315909435
2025-06-23 14:00:00+00:00,2025-06-23 15:00:00+00:00,2025-06-23 20:00:00+00:00,-1,0.5951738199566933,3390.5,3378.6,9691.013279955774,9.674006487737595,24.339577948621223,0.0025115617165610052
2025-06-24 02:00:00+00:00,2025-06-24 03:00:00+00:00,2025-06-24 08:00:00+00:00,-1,0.5535192125073459,3351.93994,3333.8,9715.352857904394,9.6890642129591,42.888225677627204,0.004414479464092075
2025-06-24 08:00:00+00:00,2025-06-24 09:00:00+00:00,2025-06-24 14:00:00+00:00,-1,0.565552687659688,3332.8,3306.0,9758.241083582021,9.719006676920955,68.74980664521057,0.007045307249159921
2025-06-24 16:00:00+00:00,2025-06-24 17:00:00+00:00,2025-06-24 22:00:00+00:00,-1,0.5255207045020412,3320.12012,3320.4,9826.990890227231,9.827405088827124,-10.655802288611952,-0.0010843403039285362
2025-06-26 10:00:00+00:00,2025-06-26 11:00:00+00:00,2025-06-26 16:00:00+00:00,1,0.5243271027101425,3343.37012,3326.37012,9816.33508793862,9.791378578412992,-59.704397629667945,-0.006082147471007488
2025-06-27 03:00:00+00:00,2025-06-27 04:00:00+00:00,2025-06-27 09:00:00+00:00,1,0.5568773510575187,3299.2,3289.5,9756.630690308952,9.742287922714384,-38.42782311184965,-0.003938636639185202
2025-06-27 14:00:00+00:00,2025-06-27 15:00:00+00:00,2025-06-27 20:00:00+00:00,-1,0.5101986637814726,3278.4,3270.77002,9718.202867197102,9.70689404375996,12.910752830525698,0.0013285123810395803
2025-07-03 19:00:00+00:00,2025-07-03 20:00:00+00:00,2025-07-04 01:00:00+00:00,1,0.5151379044465256,3328.81006,3328.9,9731.113620027629,9.731245080871474,-9.468323393177412,-0.0009729948454913354
2025-07-10 06:00:00+00:00,2025-07-10 07:00:00+00:00,2025-07-10 12:00:00+00:00,1,0.5017665064495369,3325.19,3320.45,9721.645296634451,9.714716279239047,-23.57275107004787,-0.002424769712407482
2025-07-13 22:00:00+00:00,2025-07-13 23:00:00+00:00,2025-07-14 04:00:00+00:00,-1,0.5932929405309977,3369.33,3356.26,9698.072545564402,9.679262602909553,27.940622706788197,0.0028810490512949784
2025-07-14 04:00:00+00:00,2025-07-14 05:00:00+00:00,2025-07-14 10:00:00+00:00,1,0.6073995932079513,3359.44,3370.55005,9726.01316827119,9.742095683898818,22.422935571354778,0.0023054601287713947
2025-07-16 17:00:00+00:00,2025-07-16 18:00:00+00:00,2025-07-16 23:00:00+00:00,1,0.5236272995651379,3355.070068,3349.6499,9748.436103842545,9.740561728591182,-25.489312231316315,-0.0026147078320869523
2025-07-20 20:00:00+00:00,2025-07-20 22:00:00+00:00,2025-07-21 03:00:00+00:00,-1,0.5496464720545363,3345.0,3354.06,9722.946791611228,9.73611419040525,-36.07091177844626,-0.003709874439461867
2025-07-28 16:00:00+00:00,2025-07-28 17:00:00+00:00,2025-07-28 22:00:00+00:00,-1,0.5236034766940526,3318.93,3326.81,9686.875879832782,9.698375456794796,-32.69752938082555,-0.0033754463034773585
2025-08-11 02:00:00+00:00,2025-08-11 03:00:00+00:00,2025-08-11 08:00:00+00:00,1,0.5009326816563187,3372.73,3356.2,9654.178350451955,9.630520428214929,-56.94636490226792,-0.005898623666881191
2025-08-13 22:00:00+00:00,2025-08-13 23:00:00+00:00,2025-08-14 04:00:00+00:00,1,0.5277275365029139,3350.47,3351.38,9597.231985549688,9.598535307338402,-6.991891729913984,-0.0007285321163895487
2025-08-26 14:00:00+00:00,2025-08-26 15:00:00+00:00,2025-08-26 20:00:00+00:00,1,0.5162656357991338,3365.7,3374.3,9590.240093819773,9.60249253236255,14.902384553192771,0.001553911519149171
2025-08-28 12:00:00+00:00,2025-08-28 13:00:00+00:00,2025-08-28 18:00:00+00:00,1,0.5519719860221932,3394.09,3419.03,9605.142478372965,9.640432092586291,60.93879633406777,0.0063443927532858746
2025-09-02 14:00:00+00:00,2025-09-02 15:00:00+00:00,2025-09-02 20:00:00+00:00,1,0.5185212635496519,3523.78,3554.01,9666.081274707034,9.707543232737104,73.2163728274011,0.007574566232852226
2025-09-09 02:00:00+00:00,2025-09-09 03:00:00+00:00,2025-09-09 08:00:00+00:00,1,0.500671355310638,3658.41,3651.27,9739.297647534435,9.729793712053805,-28.73766467331693,-0.0029506916939325755
2025-09-11 12:00:00+00:00,2025-09-11 13:00:00+00:00,2025-09-11 18:00:00+00:00,-1,0.5349749703386018,3627.54,3634.88,9710.559982861118,9.720384203996407,-29.368826474571513,-0.003024421508791122
2025-09-18 06:00:00+00:00,2025-09-18 07:00:00+00:00,2025-09-18 12:00:00+00:00,1,0.5119994870216857,3641.01,3668.91,9681.191156386547,9.71828323156118,64.46586711770486,0.006658877619122067
2025-09-25 18:00:00+00:00,2025-09-25 19:00:00+00:00,2025-09-26 00:00:00+00:00,1,0.5535269649660318,3762.27,3753.29,9745.657023504253,9.734026279289846,-32.995514708102334,-0.0033856634425493168
2025-09-26 19:00:00+00:00,2025-09-26 20:00:00+00:00,2025-09-27 01:00:00+00:00,-1,0.5619988851181253,3776.21,3773.6,9712.66150879615,9.709304962611224,-2.996212592759127,-0.00030848522725162865
2025-09-27 12:00:00+00:00,2025-09-27 13:00:00+00:00,2025-09-29 01:00:00+00:00,1,0.53903624309795,3783.72,3794.43,9709.665296203393,9.72340713166193,17.76026378540876,0.0018291324410897312
2025-09-30 08:00:00+00:00,2025-09-30 09:00:00+00:00,2025-09-30 14:00:00+00:00,1,0.5106212567200956,3830.12,3836.48,9727.425559988802,9.735501863937703,6.41710603386446,0.0006596921245287687
2025-09-30 13:00:00+00:00,2025-09-30 14:00:00+00:00,2025-09-30 19:00:00+00:00,-1,0.5019289284712848,3836.48,3859.25,9733.842666022667,9.762728467265648,-67.53433095322568,-0.006938095598048206
2025-09-30 19:00:00+00:00,2025-09-30 20:00:00+00:00,2025-10-01 01:00:00+00:00,-1,0.5331867261222017,3869.97,3872.22,9666.30833506944,9.669118330205567,-15.289108602457352,-0.0015816905557407424
2025-10-08 16:00:00+00:00,2025-10-08 17:00:00+00:00,2025-10-08 22:00:00+00:00,-1,0.5049767332996832,4070.36,4056.93,9651.019226466982,9.635097638669901,22.208077955492378,0.0023011121866371256
2025-10-09 10:00:00+00:00,2025-10-09 11:00:00+00:00,2025-10-09 16:00:00+00:00,1,0.5759989266800188,4059.29,4036.43,9673.227304422473,9.645989785523959,-64.12102758255224,-0.006628710932207387
2025-10-09 17:00:00+00:00,2025-10-09 18:00:00+00:00,2025-10-09 23:00:00+00:00,1,0.601073183489557,3965.96,3987.94,9609.10627683992,9.635733897386388,43.6195071955499,0.0045393927321506055
2025-10-10 02:00:00+00:00,2025-10-10 03:00:00+00:00,2025-10-10 08:00:00+00:00,-1,0.5951152405349756,3988.61,3977.89,9652.72578403547,9.639754194884757,16.303424106544238,0.0016889969187261363
2025-10-10 07:00:00+00:00,2025-10-10 08:00:00+00:00,2025-10-10 13:00:00+00:00,-1,0.5420957418482186,3977.89,3993.45,9669.029208142016,9.687939999350256,-47.50952241582966,-0.004913577298517542
2025-10-10 12:00:00+00:00,2025-10-10 13:00:00+00:00,2025-10-10 18:00:00+00:00,-1,0.5380670937710006,3993.45,4001.43,9621.519685726187,9.631132893240004,-28.85754792087154,-0.0029992713067648323
2025-10-10 18:00:00+00:00,2025-10-10 19:00:00+00:00,2025-10-11 00:00:00+00:00,-1,0.5294884370774535,4011.74,3983.0,9592.662137805315,9.558301347993348,59.16327827594108,0.006167555723950153
2025-10-10 23:00:00+00:00,2025-10-11 00:00:00+00:00,2025-10-11 05:00:00+00:00,-1,0.6079238165954323,3983.0,3974.22,9651.825416081256,9.641187325803426,11.634993229856972,0.0012054707506904848
2025-10-11 09:00:00+00:00,2025-10-11 10:00:00+00:00,2025-10-12 23:00:00+00:00,-1,0.5143676233418847,3996.85,4044.57,9663.460409311114,9.721148379929517,-125.0970896167357,-0.012945371980434656
2025-10-13 05:00:00+00:00,2025-10-13 06:00:00+00:00,2025-10-13 11:00:00+00:00,-1,0.570258857101074,4066.57,4080.62,9538.363319694377,9.554840843091455,-42.5098876372456,-0.0044567276599197184
2025-10-13 10:00:00+00:00,2025-10-13 11:00:00+00:00,2025-10-13 16:00:00+00:00,-1,0.5046820468280179,4080.62,4110.75,9495.853432057133,9.530910612572335,-79.64527164297519,-0.008387373732423042
2025-10-13 16:00:00+00:00,2025-10-13 17:00:00+00:00,2025-10-13 22:00:00+00:00,-1,0.5101161913541667,4112.17,4122.78,9416.208160414157,9.428355757495746,-33.72354992067264,-0.0035814363219418637
2025-10-13 23:00:00+00:00,2025-10-14 00:00:00+00:00,2025-10-14 05:00:00+00:00,-1,0.5270877084074158,4141.69,4185.04,9382.484610493484,9.431586632598577,-107.63563084278717,-0.01147197520818805
2025-10-14 04:00:00+00:00,2025-10-14 05:00:00+00:00,2025-10-14 10:00:00+00:00,-1,0.5326508004214382,4185.04,4141.57,9274.848979650696,9.226680063087723,87.11115306286045,0.009392190994590316
2025-10-15 01:00:00+00:00,2025-10-15 02:00:00+00:00,2025-10-15 07:00:00+00:00,1,0.5183050063507121,4198.98,4217.93,9361.960132713557,9.383085399387241,32.86744794798015,0.0035107442759910097
2025-10-15 08:00:00+00:00,2025-10-15 09:00:00+00:00,2025-10-15 14:00:00+00:00,-1,0.5060142489484403,4226.66,4211.12,9394.827580661538,9.377556778112542,25.164048319879715,0.0026785002815461765
2025-10-16 05:00:00+00:00,2025-10-16 06:00:00+00:00,2025-10-16 11:00:00+00:00,1,0.5395164295513977,4226.57,4259.64,9419.991628981417,9.456844103111791,64.24810415763423,0.006820399283579976
2025-10-16 20:00:00+00:00,2025-10-16 21:00:00+00:00,2025-10-17 02:00:00+00:00,-1,0.5708757113587252,4362.29,4343.15,9484.239733139053,9.463433190188873,32.14965271017185,0.0033897975604557074
2025-10-17 06:00:00+00:00,2025-10-17 07:00:00+00:00,2025-10-17 12:00:00+00:00,1,0.5802993491648043,4407.99,4307.8,9516.389385849225,9.408239520199775,-225.7079708190979,-0.023717815829890628
2025-10-17 19:00:00+00:00,2025-10-17 20:00:00+00:00,2025-10-18 01:00:00+00:00,1,0.558352637801298,4236.81,4242.7,9290.681415030127,9.297139353140938,3.618736868479111,0.00038950177137974507
2025-10-19 21:00:00+00:00,2025-10-19 22:00:00+00:00,2025-10-20 03:00:00+00:00,1,0.5308531560785561,4231.95,4256.4,9294.300151898606,9.321148961397054,44.37647003550017,0.004774589728139467
2025-10-20 05:00:00+00:00,2025-10-20 06:00:00+00:00,2025-10-20 11:00:00+00:00,1,0.5621984994671257,4237.29,4251.56,9338.676621934106,9.354401639031709,22.095632556174138,0.0023660346589448535
2025-10-20 13:00:00+00:00,2025-10-20 14:00:00+00:00,2025-10-20 19:00:00+00:00,1,0.5103623558833972,4296.91,4364.09,9360.77225449028,9.433947708485903,136.9169602827589,0.014626673586367945
2025-10-20 20:00:00+00:00,2025-10-20 21:00:00+00:00,2025-10-21 02:00:00+00:00,1,0.5075377555261782,4367.47,4356.38,9497.68921477304,9.485630817876,-33.60242461195688,-0.003537957902401195
2025-10-21 01:00:00+00:00,2025-10-21 02:00:00+00:00,2025-10-21 07:00:00+00:00,1,0.5205699146897809,4356.38,4347.2,9464.086790161084,9.45411517189848,-29.39735169710553,-0.003106200561016323
2025-10-21 06:00:00+00:00,2025-10-21 07:00:00+00:00,2025-10-21 12:00:00+00:00,-1,0.6162935862536103,4347.2,4257.8,9434.689438463978,9.337677426617425,184.68634626648992,0.019575243835112173
2025-10-21 12:00:00+00:00,2025-10-21 13:00:00+00:00,2025-10-21 18:00:00+00:00,1,0.5712186698425882,4215.86,4113.04,9619.375784730468,9.502073002120753,-244.10763822155025,-0.02537666098969124
2025-10-21 22:00:00+00:00,2025-10-21 23:00:00+00:00,2025-10-22 04:00:00+00:00,1,0.6475908990656337,4125.0,4133.77,9375.268146508917,9.385234340647692,10.547153936900743,0.0011249975757576815
2025-10-22 07:00:00+00:00,2025-10-22 08:00:00+00:00,2025-10-22 13:00:00+00:00,1,0.5676679037718693,4138.02,4050.01,9385.815300445818,9.286003602509094,-208.90939947595544,-0.022257991744844205
2025-10-22 12:00:00+00:00,2025-10-22 13:00:00+00:00,2025-10-22 18:00:00+00:00,1,0.5098206191714605,4050.01,4074.44,9176.905900969861,9.204583834007149,46.15128224056853,0.00502906782946211
2025-10-22 17:00:00+00:00,2025-10-22 18:00:00+00:00,2025-10-22 23:00:00+00:00,1,0.5597198640962919,4074.44,4107.05,9223.057183210429,9.259965800682338,64.55726914313651,0.006999552085685426
2025-10-22 23:00:00+00:00,2025-10-23 00:00:00+00:00,2025-10-23 05:00:00+00:00,1,0.5513028293684726,4092.05,4096.86,9287.614452353564,9.293073015361813,1.6240530011374732,0.00017486223286604277
2025-10-23 05:00:00+00:00,2025-10-23 06:00:00+00:00,2025-10-23 11:00:00+00:00,-1,0.508619356738915,4112.12,4110.22,9289.2385053547,9.287092464728435,-4.995011212194327,-0.0005377202027179081
2025-10-23 14:00:00+00:00,2025-10-23 15:00:00+00:00,2025-10-23 20:00:00+00:00,1,0.5338043190135087,4150.0,4117.36,9284.243494142505,9.247732926955901,-82.2688673001642,-0.008861127710843453
2025-10-23 20:00:00+00:00,2025-10-23 21:00:00+00:00,2025-10-24 02:00:00+00:00,1,0.5822406947993088,4120.21,4118.6,9201.974626842342,9.200176759846581,-12.795910751369625,-0.0013905614034235327
2025-10-24 01:00:00+00:00,2025-10-24 02:00:00+00:00,2025-10-24 07:00:00+00:00,-1,0.5461315474830144,4118.6,4091.07,9189.178716090973,9.15846705556871,52.264853988957654,0.005687652357597289
2025-10-24 08:00:00+00:00,2025-10-24 09:00:00+00:00,2025-10-24 14:00:00+00:00,1,0.5172146143083772,4065.39,4102.69,9241.443570079931,9.283838745593716,75.50651228197779,0.00817042399376191
2025-10-24 14:00:00+00:00,2025-10-24 15:00:00+00:00,2025-10-24 20:00:00+00:00,1,0.5832451684505644,4110.85,4097.3,9316.95008236191,9.301595025182007,-40.01170938498729,-0.004294507218701772
2025-10-24 20:00:00+00:00,2025-10-24 21:00:00+00:00,2025-10-25 02:00:00+00:00,1,0.67444072484514,4106.31,4115.16,9276.938372976923,9.286935292912442,10.706904578125231,0.0011541420399335302
2025-10-27 03:00:00+00:00,2025-10-27 04:00:00+00:00,2025-10-27 09:00:00+00:00,-1,0.5151800346326247,4066.67,4043.19,9287.64527755505,9.26083293341144,44.363855353809484,0.004776652642088002
2025-10-27 08:00:00+00:00,2025-10-27 09:00:00+00:00,2025-10-27 14:00:00+00:00,1,0.6200495822620864,4043.19,4019.11,9332.00913290886,9.304219840305688,-64.88280504665133,-0.006952715553807743
2025-10-27 14:00:00+00:00,2025-10-27 15:00:00+00:00,2025-10-27 20:00:00+00:00,1,0.6623782089665851,3987.39,3980.41,9267.126327862208,9.259015189778339,-25.48129135751673,-0.002749643250346723
2025-10-27 19:00:00+00:00,2025-10-27 20:00:00+00:00,2025-10-28 01:00:00+00:00,1,0.5902466748127976,3980.41,4000.07,9241.645036504693,9.264468155406727,36.38176964865997,0.00393672008662432
2025-10-28 02:00:00+00:00,2025-10-28 03:00:00+00:00,2025-10-28 08:00:00+00:00,1,0.6716948721757671,3980.39,3932.14,9278.026806153353,9.221793020846274,-121.68936363500704,-0.013115866786922892
2025-10-28 07:00:00+00:00,2025-10-28 08:00:00+00:00,2025-10-28 13:00:00+00:00,1,0.547566098473251,3932.14,3921.06,9156.337442518347,9.143437060173987,-34.94420174889377,-0.003816395143611348
2025-10-28 12:00:00+00:00,2025-10-28 13:00:00+00:00,2025-10-28 18:00:00+00:00,1,0.6202882989062122,3921.06,3969.25,9121.393240769454,9.177444402989961,102.92488003802357,0.011283898996699888
2025-10-28 23:00:00+00:00,2025-10-29 00:00:00+00:00,2025-10-29 05:00:00+00:00,-1,0.5468129803147328,3968.42,3955.0,9224.318120807477,9.208721189386251,21.985141653064147,0.002383389358989238
2025-10-29 18:00:00+00:00,2025-10-29 19:00:00+00:00,2025-10-30 00:00:00+00:00,-1,0.5546283921388558,3974.77,3955.76,9246.30326246054,9.224192269243401,34.99779416503397,0.0037850580033561092
2025-10-30 02:00:00+00:00,2025-10-30 03:00:00+00:00,2025-10-30 08:00:00+00:00,1,0.517594233080801,3929.23,3961.38,9281.301056625574,9.319272087714427,66.62279008999292,0.007178173586173395
2025-10-30 10:00:00+00:00,2025-10-30 11:00:00+00:00,2025-10-30 16:00:00+00:00,-1,0.5754922908598664,3984.34,3999.16,9347.923846715568,9.365308938275064,-44.13549205726642,-0.004721421866607697
2025-10-31 03:00:00+00:00,2025-10-31 04:00:00+00:00,2025-10-31 09:00:00+00:00,-1,0.5074609543270169,3994.43,4013.09,9303.788354658302,9.325519701896571,-52.78821417843685,-0.005673840823346587
2025-10-31 16:00:00+00:00,2025-10-31 17:00:00+00:00,2025-10-31 22:00:00+00:00,1,0.5021078818341919,3976.39,4000.71,9251.000140479866,9.279290162763454,47.300754404412274,0.005113042231773082
2025-11-03 15:00:00+00:00,2025-11-03 16:00:00+00:00,2025-11-03 21:00:00+00:00,-1,0.5664831153325093,4003.78,4004.55,9298.300894884278,9.299195011405299,-11.087428053445752,-0.0011924144183746315
2025-11-04 06:00:00+00:00,2025-11-04 07:00:00+00:00,2025-11-04 12:00:00+00:00,-1,0.513843393960461,3978.71,3991.51,9287.213466830834,9.30215252149622,-39.180261852268345,-0.004218731699470477
2025-11-05 05:00:00+00:00,2025-11-05 06:00:00+00:00,2025-11-05 11:00:00+00:00,1,0.5462186887138004,3954.44,3957.58,9248.033204978565,9.251704878371463,-1.9083580925733443,-0.00020635285906477966
2025-11-05 15:00:00+00:00,2025-11-05 16:00:00+00:00,2025-11-05 21:00:00+00:00,1,0.5054897412672131,3974.86,3983.02,9246.124846885992,9.255615543256503,9.725777197767922,0.0010518760409171277
2025-11-06 04:00:00+00:00,2025-11-06 05:00:00+00:00,2025-11-06 10:00:00+00:00,1,0.543770208198975,3984.34,4008.81,9255.85062408376,9.28427323168895,47.56094197869163,0.005138473373256249
2025-11-10 16:00:00+00:00,2025-11-10 17:00:00+00:00,2025-11-10 22:00:00+00:00,-1,0.6197157996651307,4090.0,4106.71,9303.411566062452,9.322416456926621,-47.332198185264986,-0.005087617359413212
2025-11-10 23:00:00+00:00,2025-11-11 00:00:00+00:00,2025-11-11 05:00:00+00:00,-1,0.6139814715251695,4114.68,4134.5,9256.079367877186,9.278372169877745,-53.86397617099645,-0.005819307941322219
2025-11-13 04:00:00+00:00,2025-11-13 05:00:00+00:00,2025-11-13 10:00:00+00:00,1,0.5205151589849417,4208.38198,4233.05114,9202.21539170619,9.229186674842001,44.713379596781884,0.004858979897067107
2025-11-13 09:00:00+00:00,2025-11-13 10:00:00+00:00,2025-11-13 15:00:00+00:00,1,0.5339862133374063,4233.05114,4198.93753,9246.928771302972,9.209668871603059,-83.72946827142876,-0.009054840838752406
2025-11-13 14:00:00+00:00,2025-11-13 15:00:00+00:00,2025-11-13 20:00:00+00:00,1,0.6447459771455502,4198.93753,4164.48871,9163.199303031543,9.125611055866758,-84.3021053854368,-0.00920007331473696
2025-11-13 20:00:00+00:00,2025-11-13 21:00:00+00:00,2025-11-14 02:00:00+00:00,1,0.5258209335188582,4163.27713,4190.36409,9078.897197646105,9.108431590572376,49.96035426196798,0.005502910009259852
2025-11-14 02:00:00+00:00,2025-11-14 03:00:00+00:00,2025-11-14 08:00:00+00:00,-1,0.5700098687902478,4209.01649,4180.21106,9128.857551908073,9.097619771322488,53.37794139984853,0.005847165551256927
2025-11-14 13:00:00+00:00,2025-11-14 14:00:00+00:00,2025-11-14 19:00:00+00:00,1,0.5265366349955368,4055.32703,4099.06902,9182.235493307922,9.23175668483633,89.81062637197971,0.009780910807333827
2025-11-15 02:00:00+00:00,2025-11-15 03:00:00+00:00,2025-11-15 08:00:00+00:00,-1,0.519260664497873,4080.44548,4080.44849,9272.046119679902,9.27204953950979,-9.278889199287224,-0.0010007380333875602
2025-11-17 19:00:00+00:00,2025-11-17 20:00:00+00:00,2025-11-18 01:00:00+00:00,-1,0.5020673428810728,4012.09619,4036.51287,9262.767230480615,9.29095274905627,-65.66198990036885,-0.007088809236649884
2025-11-18 00:00:00+00:00,2025-11-18 01:00:00+00:00,2025-11-18 06:00:00+00:00,-1,0.5017435731303157,4036.51287,4017.24742,9197.105240580246,9.175157289853516,34.72074416360463,0.0037751817833296965
2025-11-18 12:00:00+00:00,2025-11-18 13:00:00+00:00,2025-11-18 18:00:00+00:00,-1,0.5046737157263924,4030.38146,4072.38576,9231.825984743851,9.279932645621923,-105.49325440176574,-0.011427127696741653
2025-11-18 17:00:00+00:00,2025-11-18 18:00:00+00:00,2025-11-18 23:00:00+00:00,1,0.5284891202823017,4072.38576,4068.34329,9126.332730342085,9.121803085012951,-18.18109374328028,-0.001992157669513195
2025-11-19 03:00:00+00:00,2025-11-19 04:00:00+00:00,2025-11-19 09:00:00+00:00,-1,0.5588491786901311,4067.6914,4084.27631,9108.151636598805,9.126719647333264,-46.26274111625399,-0.0050792677770491726
2025-11-19 09:00:00+00:00,2025-11-19 10:00:00+00:00,2025-11-19 15:00:00+00:00,1,0.5788462199109374,4114.39014,4123.62941,9061.88889548255,9.072063579380583,11.2773042166829,0.0012444761072169797
2025-11-19 17:00:00+00:00,2025-11-19 18:00:00+00:00,2025-11-19 23:00:00+00:00,-1,0.523036264884231,4077.97456,4077.86604,9073.166199699233,9.073045475552785,-8.8315971826548,-0.0009733754445000202
2025-11-20 00:00:00+00:00,2025-11-20 01:00:00+00:00,2025-11-20 06:00:00+00:00,-1,0.5002855991753594,4102.38189,4070.26039,9064.33460251658,9.02884789848197,61.94456017073461,0.006833878369134411
2025-11-20 08:00:00+00:00,2025-11-20 09:00:00+00:00,2025-11-20 14:00:00+00:00,-1,0.5047680737657031,4067.94864,4074.20578,9126.279162687313,9.133297983652566,-23.170939914159984,-0.0025389251743354623
2025-11-20 15:00:00+00:00,2025-11-20 16:00:00+00:00,2025-11-20 21:00:00+00:00,-1,0.5733196248323885,4078.39709,4074.41632,9103.108222773153,9.098665622001292,-0.21346407828162928,-2.3449581511906928e-05
2025-11-21 02:00:00+00:00,2025-11-21 03:00:00+00:00,2025-11-21 08:00:00+00:00,-1,0.5838211908938902,4057.8632,4030.85766,9102.89475869487,9.072604359979394,51.50819307097431,0.005658441016444236
2025-11-21 07:00:00+00:00,2025-11-21 08:00:00+00:00,2025-11-21 13:00:00+00:00,-1,0.6184941218456973,4030.85766,4062.487,9154.402951765844,9.190319343248941,-81.02310230944404,-0.008850724917436046
2025-11-21 14:00:00+00:00,2025-11-21 15:00:00+00:00,2025-11-21 20:00:00+00:00,-1,0.5376207231601179,4072.405,4087.46663,9073.3798494564,9.090158619021555,-42.64769774933036,-0.004700309967942701
2025-11-21 19:00:00+00:00,2025-11-21 20:00:00+00:00,2025-11-22 01:00:00+00:00,-1,0.5014158270237419,4087.46663,4065.87765,9030.73215170707,9.006883113481582,38.69119333749629,0.004284391640403434
2025-11-23 18:00:00+00:00,2025-11-23 19:00:00+00:00,2025-11-24 00:00:00+00:00,-1,0.5185293984139933,4065.8935,4074.8008,9069.423345044566,9.079357701977589,-28.948071568023053,-0.0031918315494490574
2025-11-25 18:00:00+00:00,2025-11-25 19:00:00+00:00,2025-11-26 00:00:00+00:00,-1,0.5311974046715907,4137.25592,4133.21124,9040.475273476542,9.036056181421788,-0.19787207191065903,-2.1887352813318046e-05
2025-11-26 06:00:00+00:00,2025-11-26 07:00:00+00:00,2025-11-26 12:00:00+00:00,-1,0.5182297399587246,4149.31316,4172.15184,9040.277401404632,9.065157182071985,-58.82471851677701,-0.006506959455429668
2025-11-28 05:00:00+00:00,2025-11-28 06:00:00+00:00,2025-11-28 11:00:00+00:00,1,0.5043219811724953,4183.60641,4163.3649,8981.452682887855,8.959725236938272,-52.41461713610429,-0.005835872991455892
2025-12-02 15:00:00+00:00,2025-12-02 16:00:00+00:00,2025-12-02 21:00:00+00:00,-1,0.5181094547380819,4168.91173,4209.82504,8929.03806575175,8.972852438188212,-96.60159731111,-0.010818813471255703
2025-12-15 01:00:00+00:00,2025-12-15 02:00:00+00:00,2025-12-15 07:00:00+00:00,1,0.5456798292613803,4323.04823,4344.09615,8832.436468440641,8.853938011599785,34.14914830669024,0.0038663338738647328
2025-12-18 16:00:00+00:00,2025-12-18 17:00:00+00:00,2025-12-18 22:00:00+00:00,-1,0.5065345079069892,4360.07772,4332.70821,8866.58561674733,8.838756513771681,46.819449437526394,0.005280437302617726
2025-12-21 19:00:00+00:00,2025-12-21 20:00:00+00:00,2025-12-22 01:00:00+00:00,-1,0.5060041782524349,4338.52403,4364.68549,8913.405066184858,8.940279146919497,-62.688440616200296,-0.00703305192019422
2025-12-23 06:00:00+00:00,2025-12-23 07:00:00+00:00,2025-12-23 12:00:00+00:00,1,0.5381775124161109,4480.91048,4493.71507,8850.716625568657,8.86336247043684,16.42832726593028,0.0018561578639260483
2025-12-25 11:00:00+00:00,2025-12-25 12:00:00+00:00,2025-12-25 17:00:00+00:00,-1,0.590469763993159,4479.6281,4479.62414,8867.144952834587,8.867141033547849,-8.859302460070449,-0.0009991155560435908
2025-12-25 17:00:00+00:00,2025-12-25 18:00:00+00:00,2025-12-25 23:00:00+00:00,-1,0.5798640526494612,4479.62623,4481.14606,8858.285650374517,8.859788352563134,-11.865192729796261,-0.0013394457119696311
2025-12-29 11:00:00+00:00,2025-12-29 12:00:00+00:00,2025-12-29 17:00:00+00:00,1,0.5201085038604943,4444.01586,4344.48561,8846.420457644721,8.747356180255474,-206.87591095874802,-0.023385267741821404
2025-12-29 17:00:00+00:00,2025-12-29 18:00:00+00:00,2025-12-29 23:00:00+00:00,1,0.6353783412522613,4328.61316,4329.51325,8639.544546685973,8.640442798315721,-6.843939538822011,-0.0007921643903609786
2025-12-30 00:00:00+00:00,2025-12-30 01:00:00+00:00,2025-12-30 06:00:00+00:00,1,0.5336220207324134,4338.66609,4377.95447,8632.700607147151,8.67178690865599,69.5008161090212,0.008050877618931944
2025-12-30 09:00:00+00:00,2025-12-30 10:00:00+00:00,2025-12-30 15:00:00+00:00,-1,0.5324487456365363,4373.14102,4365.51404,8702.201423256172,8.694612882673145,6.482468283382276,0.0007449228037928682
2025-12-31 02:00:00+00:00,2025-12-31 03:00:00+00:00,2025-12-31 08:00:00+00:00,-1,0.5209095894010147,4349.468,4331.06406,8708.683891539555,8.69025932837242,28.15886700589691,0.0032334239428822437
2025-12-31 07:00:00+00:00,2025-12-31 08:00:00+00:00,2025-12-31 13:00:00+00:00,1,0.5644052343222514,4331.06406,4312.47291,8736.842758545452,8.718091251756318,-46.22110483002375,-0.005290367024725857
2025-12-31 12:00:00+00:00,2025-12-31 13:00:00+00:00,2025-12-31 18:00:00+00:00,1,0.6071682784266488,4312.47291,4322.33735,8690.621653715429,8.700561207847697,11.178547056688904,0.0012862770354189602
2025-12-31 17:00:00+00:00,2025-12-31 18:00:00+00:00,2025-12-31 23:00:00+00:00,1,0.686785727272478,4322.33735,4315.08957,8701.800200772117,8.69450452619235,-23.285853685727403,-0.002675981193369762
2026-01-04 22:00:00+00:00,2026-01-04 23:00:00+00:00,2026-01-05 04:00:00+00:00,1,0.553005592400199,4329.27104,4402.7892,8678.51434708639,8.752202088098258,138.62327993563696,0.01597315789218883
2026-01-07 01:00:00+00:00,2026-01-07 02:00:00+00:00,2026-01-07 07:00:00+00:00,1,0.546919940420622,4465.22885,4444.32008,8817.137627022026,8.796494171905303,-50.08340440535265,-0.00568023394030521
2026-01-07 17:00:00+00:00,2026-01-07 18:00:00+00:00,2026-01-07 23:00:00+00:00,-1,0.5401987619862824,4451.71079,4455.67494,8767.054222616674,8.770957656558817,-16.577825540845627,-0.001890923121939777
2026-01-11 16:00:00+00:00,2026-01-11 17:00:00+00:00,2026-01-11 22:00:00+00:00,1,0.5118684432019812,4509.81268,4509.8616,8750.47639707583,8.750523857284904,-8.655603439138728,-0.0009891579665343927
2026-01-11 21:00:00+00:00,2026-01-11 22:00:00+00:00,2026-01-12 03:00:00+00:00,1,0.5011940484172319,4509.8616,4577.44198,8741.820793636693,8.807318986655062,122.18906705008366,0.013977530532200681
2026-01-13 16:00:00+00:00,2026-01-13 17:00:00+00:00,2026-01-13 22:00:00+00:00,1,0.5752126895037929,4613.78061,4586.25246,8864.009860686778,8.837566276382228,-61.72473488548208,-0.006963522813669308
2026-01-14 23:00:00+00:00,2026-01-15 00:00:00+00:00,2026-01-15 05:00:00+00:00,-1,0.5803770405100016,4615.41015,4592.26922,8802.285125801294,8.780218499291816,35.353034519663645,0.004016347347808206
2026-01-16 17:00:00+00:00,2026-01-16 18:00:00+00:00,2026-01-16 23:00:00+00:00,-1,0.5939553697139865,4581.83611,4595.25035,8837.638160320957,8.850575135418886,-34.72452533127265,-0.0039291635051521
2026-01-18 17:00:00+00:00,2026-01-18 18:00:00+00:00,2026-01-18 23:00:00+00:00,1,0.5392399045867242,4595.27358,4588.36075,8802.913634989685,8.796292370291951,-22.038821765759984,-0.0025035826408838563
2026-01-18 22:00:00+00:00,2026-01-18 23:00:00+00:00,2026-01-19 04:00:00+00:00,1,0.5589578836344221,4588.36075,4658.78566,8780.874813223925,8.848261877159839,125.9258659946644,0.014340924870608687
2026-01-20 03:00:00+00:00,2026-01-20 04:00:00+00:00,2026-01-20 09:00:00+00:00,1,0.5373213086035911,4680.47109,4730.52982,8906.80067921859,8.95443083458024,86.3058798887187,0.009689885627516982
2026-01-21 04:00:00+00:00,2026-01-21 05:00:00+00:00,2026-01-21 10:00:00+00:00,-1,0.5525982886609291,4865.53841,4859.69045,8993.10655910731,8.987702087597505,1.821240932009176,0.00020251521763242172
2026-01-21 10:00:00+00:00,2026-01-21 11:00:00+00:00,2026-01-21 16:00:00+00:00,-1,0.5469104700345642,4864.77641,4849.89978,8994.927800039319,8.98117442254772,18.525580560648898,0.0020595585615003956
2026-01-21 15:00:00+00:00,2026-01-21 16:00:00+00:00,2026-01-21 21:00:00+00:00,1,0.5286064281310215,4849.89978,4825.77355,9013.453380599967,8.991034293688998,-53.829208115629505,-0.005972095915144839
2026-01-21 20:00:00+00:00,2026-01-21 21:00:00+00:00,2026-01-22 02:00:00+00:00,-1,0.5523228859541034,4825.77355,4799.81677,8959.624172484337,8.935528243498212,39.256329728754494,0.004381470581022088
2026-01-22 09:00:00+00:00,2026-01-22 10:00:00+00:00,2026-01-22 15:00:00+00:00,-1,0.6050468966293435,4822.70687,4838.47332,8998.880502213091,9.013590125181956,-38.432836062913665,-0.004270846362885016
2026-01-22 14:00:00+00:00,2026-01-22 15:00:00+00:00,2026-01-22 20:00:00+00:00,-1,0.5499759273273495,4838.47332,4911.87195,8960.447666150176,9.028411726235364,-144.9565318966112,-0.01617737609742564
2026-01-22 19:00:00+00:00,2026-01-22 20:00:00+00:00,2026-01-23 01:00:00+00:00,-1,0.5436502350041588,4911.87195,4964.07621,8815.491134253563,8.862337448233742,-102.55496540859247,-0.011633494248562491
2026-01-23 00:00:00+00:00,2026-01-23 01:00:00+00:00,2026-01-23 06:00:00+00:00,-1,0.5226381611550445,4964.07621,4961.36651,8712.936168844972,8.710558138962075,-3.9544983731668655,-0.00045386518350806336
2026-01-23 12:00:00+00:00,2026-01-23 13:00:00+00:00,2026-01-23 18:00:00+00:00,-1,0.5199906084152515,4940.08507,4965.148,8708.981670471805,8.731073658249894,-52.91504921442758,-0.0060759169345640535
2026-01-23 19:00:00+00:00,2026-01-23 20:00:00+00:00,2026-01-24 01:00:00+00:00,1,0.6608963545868456,4984.87402,4982.41685,8656.066621257378,8.653933224592345,-12.920726554659307,-0.0014926787327316626
2026-01-24 12:00:00+00:00,2026-01-24 13:00:00+00:00,2026-01-24 18:00:00+00:00,1,0.5167319723811661,4982.42698,4982.42698,8643.145894702719,8.64314589470272,-8.64314589470272,-0.001
2026-01-25 14:00:00+00:00,2026-01-25 15:00:00+00:00,2026-01-25 20:00:00+00:00,1,0.5267860496730189,4982.42698,4982.40644,8634.502748808014,8.634484950987074,-8.670080592865261,-0.001004120427671664
2026-01-25 21:00:00+00:00,2026-01-25 22:00:00+00:00,2026-01-26 03:00:00+00:00,1,0.5141526586477111,4982.43218,5082.18622,8625.832668215147,8.71218222862386,163.9869385887997,0.019011143027741085
2026-01-26 05:00:00+00:00,2026-01-26 06:00:00+00:00,2026-01-26 11:00:00+00:00,1,0.5753329704739794,5074.57835,5091.14377,8789.819606803947,8.804166321296092,19.88926266299408,0.002262761188818753
2026-01-26 16:00:00+00:00,2026-01-26 17:00:00+00:00,2026-01-26 22:00:00+00:00,1,0.5042751921176056,5089.49371,5009.59361,8809.70886946694,8.740556940046313,-147.0444157813011,-0.016691177649574077
2026-01-26 22:00:00+00:00,2026-01-26 23:00:00+00:00,2026-01-27 04:00:00+00:00,1,0.5124237241825444,5012.6958,5077.3057,8662.664453685638,8.718492086801355,102.93677414463026,0.011882807500506905
2026-01-27 05:00:00+00:00,2026-01-27 06:00:00+00:00,2026-01-27 11:00:00+00:00,-1,0.518669077167752,5083.31398,5086.42068,8765.60122783027,8.768279804585674,-14.125433315394918,-0.0016114620033760487
2026-01-27 10:00:00+00:00,2026-01-27 11:00:00+00:00,2026-01-27 16:00:00+00:00,-1,0.5406037440028743,5086.42068,5085.52939,8751.475794514874,8.750709036970461,-7.21719394814431,-0.0008246830726159124
2026-01-27 15:00:00+00:00,2026-01-27 16:00:00+00:00,2026-01-27 21:00:00+00:00,-1,0.5300195867480546,5085.52939,5179.32614,8744.25860056673,8.82489750509312,-170.10270655787127,-0.01945307364844478
2026-01-27 22:00:00+00:00,2026-01-27 23:00:00+00:00,2026-01-28 04:00:00+00:00,1,0.5001005715908924,5176.07307,5234.83781,8574.15589400886,8.622827737993367,88.72086023102034,0.010347474588491388
2026-01-28 12:00:00+00:00,2026-01-28 13:00:00+00:00,2026-01-28 18:00:00+00:00,-1,0.5254230027985429,5276.74616,5298.88428,8662.87675423988,8.68104891936925,-45.02537917810914,-0.005197508917124133
2026-01-28 17:00:00+00:00,2026-01-28 18:00:00+00:00,2026-01-28 23:00:00+00:00,1,0.5494251839826193,5298.88428,5414.39606,8617.851375061771,8.711782785855746,179.15103880209395,0.020788364872538757
2026-01-28 22:00:00+00:00,2026-01-28 23:00:00+00:00,2026-01-29 04:00:00+00:00,-1,0.5532424520946744,5414.39606,5546.6838,8797.002413863866,8.904469207501474,-223.83805648271704,-0.02544481016964979
2026-01-29 03:00:00+00:00,2026-01-29 04:00:00+00:00,2026-01-29 09:00:00+00:00,-1,0.6974860751277747,5546.6838,5510.73072,8573.164357381149,8.545379136958626,47.025061708087385,0.005485146411266535
2026-01-29 08:00:00+00:00,2026-01-29 09:00:00+00:00,2026-01-29 14:00:00+00:00,-1,0.5938375410824194,5510.73072,5510.12161,8620.189419089236,8.61971301733384,-7.666909506539824,-0.0008894131130763329
2026-01-29 13:00:00+00:00,2026-01-29 14:00:00+00:00,2026-01-29 19:00:00+00:00,-1,0.7112475934439269,5510.12161,5342.27529,8612.522509582697,8.481347527298539,253.86861704101977,0.029476685461031146
2026-01-29 20:00:00+00:00,2026-01-29 21:00:00+00:00,2026-01-30 02:00:00+00:00,-1,0.5693151741533761,5395.23317,5303.78684,8866.391126623717,8.791250821902253,141.48935862102755,0.01595794236915263
2026-01-30 05:00:00+00:00,2026-01-30 06:00:00+00:00,2026-01-30 11:00:00+00:00,1,0.570126787992365,5184.9287,5113.07665,9007.880485244745,8.945465482409716,-133.7754711524652,-0.014850937617522188
2026-01-30 10:00:00+00:00,2026-01-30 11:00:00+00:00,2026-01-30 16:00:00+00:00,-1,0.5959081145832509,5113.07665,5050.97179,8874.10501409228,8.820211332533106,98.96715178581607,0.0111523530123493
2026-01-30 16:00:00+00:00,2026-01-30 17:00:00+00:00,2026-01-30 22:00:00+00:00,1,0.5301454273507707,4980.33786,4866.57812,8973.072165878095,8.870591733296408,-213.831456896674,-0.02383035073648588
2026-01-30 21:00:00+00:00,2026-01-30 22:00:00+00:00,2026-01-31 03:00:00+00:00,-1,0.501917876084101,4866.57812,4865.32129,8759.24070898142,8.758109639446644,-6.495970569896185,-0.000741613432684347
2026-01-31 17:00:00+00:00,2026-01-31 18:00:00+00:00,2026-01-31 23:00:00+00:00,1,0.5387544250254946,4865.35613,4865.35613,8752.744738411526,8.752744738411526,-8.752744738411526,-0.001
2026-02-01 22:00:00+00:00,2026-02-01 23:00:00+00:00,2026-02-02 04:00:00+00:00,1,0.5170853586331902,4875.3627,4647.29916,8743.991993673113,8.539475336091026,-417.5727905002631,-0.047755394881697756
2026-02-02 03:00:00+00:00,2026-02-02 04:00:00+00:00,2026-02-02 09:00:00+00:00,1,0.5168666854134407,4647.29916,4639.67584,8326.419203172849,8.319589972273935,-21.978051770099988,-0.002639556240661661
2026-02-02 10:00:00+00:00,2026-02-02 11:00:00+00:00,2026-02-02 16:00:00+00:00,1,0.6645898663204233,4707.12688,4626.56995,8304.44115140275,8.233380788937795,-150.35410571884844,-0.018105264758658837
2026-02-02 23:00:00+00:00,2026-02-03 00:00:00+00:00,2026-02-03 05:00:00+00:00,-1,0.560146176221753,4772.338,4809.60876,8154.087045683903,8.185927730616404,-71.86729759561686,-0.008813653471317484
2026-02-03 04:00:00+00:00,2026-02-03 05:00:00+00:00,2026-02-03 10:00:00+00:00,-1,0.5401730536281293,4809.60876,4915.87192,8082.219748088286,8.171503747380388,-186.73950233158564,-0.02310497711668329
2026-02-03 10:00:00+00:00,2026-02-03 11:00:00+00:00,2026-02-03 16:00:00+00:00,-1,0.6772062776045615,4907.10398,4932.79574,7895.4802457567,7.916149135634058,-49.25392889034792,-0.006238243571924413
2026-02-03 16:00:00+00:00,2026-02-03 17:00:00+00:00,2026-02-03 22:00:00+00:00,-1,0.553913550257363,4956.82321,4946.24033,7846.226316866352,7.83785042084925,8.913941613355266,0.0011360801044183163
2026-02-04 01:00:00+00:00,2026-02-04 02:00:00+00:00,2026-02-04 07:00:00+00:00,1,0.5244859997933434,5044.30736,5076.11217,7855.140258479708,7.87990394015238,41.647459405189494,0.005301937080019751
2026-02-04 08:00:00+00:00,2026-02-04 09:00:00+00:00,2026-02-04 14:00:00+00:00,1,0.5810883217702049,5083.91879,5056.71179,7896.787717884898,7.875657570815761,-50.13595170908815,-0.0063489045799646655
2026-02-04 15:00:00+00:00,2026-02-04 16:00:00+00:00,2026-02-04 21:00:00+00:00,-1,0.5217576764683896,4921.82026,4938.58993,7846.651766175809,7.860019357206417,-34.59520141842271,-0.004408912546310595
2026-02-04 21:00:00+00:00,2026-02-04 22:00:00+00:00,2026-02-05 03:00:00+00:00,-1,0.6359696101408547,4965.19983,4813.69222,7812.056564757386,7.692868409211268,230.6834426830251,0.029529156729830884
2026-02-05 03:00:00+00:00,2026-02-05 04:00:00+00:00,2026-02-05 09:00:00+00:00,-1,0.6882349202604232,4877.99108,4914.65639,8042.740007440411,8.072966544429303,-68.52604052221271,-0.008520235698135046
2026-02-05 09:00:00+00:00,2026-02-05 10:00:00+00:00,2026-02-05 15:00:00+00:00,-1,0.5154785043091435,4857.55425,4847.52193,7974.213966918199,7.965979384024493,8.503186403386902,0.0010663353703152683
2026-02-05 15:00:00+00:00,2026-02-05 16:00:00+00:00,2026-02-05 21:00:00+00:00,1,0.571317333717654,4813.42243,4810.54734,7982.717153321586,7.9803330876599805,-12.748464410873126,-0.0015970081572498815
2026-02-05 21:00:00+00:00,2026-02-05 22:00:00+00:00,2026-02-06 03:00:00+00:00,1,0.5961237183485875,4779.19919,4817.54587,7969.968688910712,8.00194285725707,55.946393835458984,0.007019650392516837
2026-02-06 04:00:00+00:00,2026-02-06 05:00:00+00:00,2026-02-06 10:00:00+00:00,1,0.5167653532709074,4814.82064,4867.87994,8025.915082746172,8.070137855305147,80.37540726264406,0.010014485131475197
2026-02-07 01:00:00+00:00,2026-02-07 02:00:00+00:00,2026-02-07 07:00:00+00:00,1,0.5124563160423097,4959.02611,4959.02701,8106.290490008816,8.106291225602991,-8.104820037252862,-0.0009998186034959188
2026-02-07 17:00:00+00:00,2026-02-07 18:00:00+00:00,2026-02-07 23:00:00+00:00,1,0.5268073293199018,4959.01867,4990.22389,8098.185669971564,8.123665072475236,42.83513993486881,0.005289473677258776
2026-02-07 22:00:00+00:00,2026-02-07 23:00:00+00:00,2026-02-08 04:00:00+00:00,1,0.6811910253528505,4990.22389,4998.6826,8141.020809906433,8.147920553851083,5.651567335451351,0.0006942086830897447
2026-02-09 02:00:00+00:00,2026-02-09 03:00:00+00:00,2026-02-09 08:00:00+00:00,1,0.5116377294664803,5011.024105,5010.36379,8146.6723772418845,8.14613562369031,-9.219642726841462,-0.0011317065790686478
2026-02-09 07:00:00+00:00,2026-02-09 08:00:00+00:00,2026-02-09 13:00:00+00:00,1,0.5097246371963177,5010.36379,5024.28141,8137.452734515043,8.14875470575643,14.455187777017901,0.0017763774793684707
2026-02-09 13:00:00+00:00,2026-02-09 14:00:00+00:00,2026-02-09 19:00:00+00:00,1,0.5266250329739185,5019.18433,5076.049654,8151.907922292061,8.198086828538697,84.159725664733,0.010323929866110403
2026-02-09 19:00:00+00:00,2026-02-09 20:00:00+00:00,2026-02-10 01:00:00+00:00,1,0.5050391654278797,5074.60676,5018.7061,8236.067647956794,8.190704367696885,-98.91726488751674,-0.012010254057597033
2026-02-10 09:00:00+00:00,2026-02-10 10:00:00+00:00,2026-02-10 15:00:00+00:00,-1,0.5185946558928639,5046.52574,5041.08085,8137.150383069276,8.132760641390353,0.6467227164549811,7.9477788416028e-05
2026-02-10 16:00:00+00:00,2026-02-10 17:00:00+00:00,2026-02-10 22:00:00+00:00,1,0.6131596714092729,5023.207,5025.22729,8137.797105785731,8.13943358125995,-4.866482632823304,-0.0005980098261928133
2026-02-10 23:00:00+00:00,2026-02-11 00:00:00+00:00,2026-02-11 05:00:00+00:00,-1,0.5327343302879102,5041.67789,5047.94623,8132.930623152907,8.137986477122023,-18.249694415355904,-0.002243925991868478
2026-02-11 04:00:00+00:00,2026-02-11 05:00:00+00:00,2026-02-11 10:00:00+00:00,-1,0.5080034573917825,5047.94623,5062.30715,8114.680928737552,8.126223670907681,-31.211708011165072,-0.0038463259720577653
2026-02-11 10:00:00+00:00,2026-02-11 11:00:00+00:00,2026-02-11 16:00:00+00:00,1,0.5067191624049174,5092.98508,5060.81697,8083.469220726386,8.057940977172809,-59.11442808432626,-0.007313002186332838
2026-02-11 18:00:00+00:00,2026-02-11 19:00:00+00:00,2026-02-12 00:00:00+00:00,1,0.5164676344216715,5081.67258,5064.04615,8024.35479264206,8.010438043203662,-35.84393691999903,-0.004466893332391804
2026-02-12 06:00:00+00:00,2026-02-12 07:00:00+00:00,2026-02-12 12:00:00+00:00,-1,0.5228837237526562,5059.93995,5064.10969,7988.510855722061,7.991802398070853,-14.5748870956552,-0.0018244811027846833
2026-02-12 15:00:00+00:00,2026-02-12 16:00:00+00:00,2026-02-12 21:00:00+00:00,-1,0.5101296163777341,5066.35096,4915.96923,7973.935968626405,7.8555929742959,228.83039568671566,0.02869729536166994
2026-02-12 20:00:00+00:00,2026-02-12 21:00:00+00:00,2026-02-13 02:00:00+00:00,1,0.5462641427574667,4915.96923,4978.84732,8202.76636431312,8.255225427579497,96.6629011051723,0.01178418314164268
2026-02-13 03:00:00+00:00,2026-02-13 04:00:00+00:00,2026-02-13 09:00:00+00:00,1,0.5220194783768464,4982.63728,4982.45668,8299.429265418292,8.299278855420422,-8.600098851158089,-0.0010362277424295445
2026-02-13 11:00:00+00:00,2026-02-13 12:00:00+00:00,2026-02-13 17:00:00+00:00,1,0.5117752408483482,4952.90164,5014.94902,8290.829166567133,8.342760768000378,95.52044209848619,0.011521217019363214
2026-02-13 19:00:00+00:00,2026-02-13 20:00:00+00:00,2026-02-14 01:00:00+00:00,1,0.5174153764542954,5029.60512,5043.09715,8386.34960866562,8.397597895341313,14.09897545604736,0.0016811814572431944
2026-02-14 00:00:00+00:00,2026-02-14 01:00:00+00:00,2026-02-14 06:00:00+00:00,-1,0.5030537998797296,5043.09715,5043.09133,8400.448584121666,8.400443736841385,-8.390749176276639,-0.000998845370250422
2026-02-15 20:00:00+00:00,2026-02-15 21:00:00+00:00,2026-02-16 02:00:00+00:00,1,0.522175999264402,5043.10849,5028.35285,8392.05783494539,8.379780666556371,-32.93411744459158,-0.003924438807779724
2026-02-17 05:00:00+00:00,2026-02-17 06:00:00+00:00,2026-02-17 11:00:00+00:00,-1,0.6864889832864456,4889.13057,4913.14525,8359.123717500797,8.379653101844504,-49.438421789256815,-0.005914306745544599
2026-02-17 14:00:00+00:00,2026-02-17 15:00:00+00:00,2026-02-17 20:00:00+00:00,1,0.5121493176528507,4866.17791,4881.2785,8309.685295711539,8.322578489610358,17.463809308029536,0.002101621022524434
2026-02-18 03:00:00+00:00,2026-02-18 04:00:00+00:00,2026-02-18 09:00:00+00:00,-1,0.5157658246606556,4920.99417,4919.22917,8327.149105019567,8.325655766716103,-5.338979159789284,-0.0006411533037844815
2026-02-20 16:00:00+00:00,2026-02-20 17:00:00+00:00,2026-02-20 22:00:00+00:00,-1,0.554338546071765,5066.00146,5103.50244,8321.810125859778,8.352611146897548,-69.9546532224368,-0.008406182328656454
2026-02-20 21:00:00+00:00,2026-02-20 22:00:00+00:00,2026-02-21 03:00:00+00:00,-1,0.5178745746009001,5103.50244,5098.50839,8251.85547263734,8.247818031751631,-0.1729362603369191,-2.0957257541696583e-05
2026-02-21 12:00:00+00:00,2026-02-21 13:00:00+00:00,2026-02-21 18:00:00+00:00,1,0.5440197057334879,5098.51348,5098.51348,8251.682536377004,8.251682536377004,-8.251682536377004,-0.001
2026-02-21 17:00:00+00:00,2026-02-21 18:00:00+00:00,2026-02-21 23:00:00+00:00,1,0.5720756186981184,5098.51348,5098.51348,8243.430853840626,8.243430853840627,-8.243430853840627,-0.001
2026-02-22 20:00:00+00:00,2026-02-22 21:00:00+00:00,2026-02-23 02:00:00+00:00,1,0.5525286215543479,5098.50568,5158.2578,8235.187422986786,8.28344371002507,88.22913036654202,0.010713676062826335
2026-02-23 19:00:00+00:00,2026-02-23 20:00:00+00:00,2026-02-24 01:00:00+00:00,-1,0.5915967900116408,5215.69065,5221.74764,8323.416553353329,8.328249551915993,-17.99424667724319,-0.0021618822705675696
2026-02-24 05:00:00+00:00,2026-02-24 06:00:00+00:00,2026-02-24 11:00:00+00:00,1,0.5050395272459478,5182.33124,5172.55081,8305.422306676086,8.297585042158534,-23.972114077259317,-0.0028863209108572346
2026-02-24 19:00:00+00:00,2026-02-24 20:00:00+00:00,2026-02-25 01:00:00+00:00,1,0.5255767617382316,5154.62929,5154.51038,8281.450192598826,8.28135467193313,-8.472396003326933,-0.0010230570499474543
2026-02-25 00:00:00+00:00,2026-02-25 01:00:00+00:00,2026-02-25 06:00:00+00:00,-1,0.5647102826643362,5154.51038,5202.28896,8272.977796595498,8.311320054380694,-84.9958356247738,-0.010273910762791041
2026-02-25 05:00:00+00:00,2026-02-25 06:00:00+00:00,2026-02-25 11:00:00+00:00,-1,0.5315274196976816,5202.28896,5175.39199,8187.981960970725,8.166815133555128,34.166839697638444,0.004172803489370145
2026-02-25 10:00:00+00:00,2026-02-25 11:00:00+00:00,2026-02-25 16:00:00+00:00,-1,0.5183237836327798,5175.39199,5194.9467,8222.148800668363,8.237682091256262,-39.30426326705633,-0.004780290921499907
2026-02-26 00:00:00+00:00,2026-02-26 01:00:00+00:00,2026-02-26 06:00:00+00:00,-1,0.5548935300375583,5188.50526,5198.19644,8182.844537401306,8.190486566786468,-23.474545337109692,-0.0028687512306771377
2026-02-26 15:00:00+00:00,2026-02-26 16:00:00+00:00,2026-02-26 21:00:00+00:00,-1,0.5885099769053986,5185.01731,5196.3414,8159.369992064197,8.168280033690792,-25.988363286881473,-0.003185094353137283
2026-02-27 01:00:00+00:00,2026-02-27 02:00:00+00:00,2026-02-27 07:00:00+00:00,-1,0.5371562922660797,5192.58012,5186.11095,8133.381628777314,8.128315146680219,2.0046490475116308,0.0002464717800058508
2026-02-28 15:00:00+00:00,2026-02-28 16:00:00+00:00,2026-02-28 21:00:00+00:00,1,0.5444117777316432,5277.89433,5277.89433,8135.386277824826,8.135386277824827,-8.135386277824827,-0.001
2026-03-01 19:00:00+00:00,2026-03-01 20:00:00+00:00,2026-03-02 01:00:00+00:00,1,0.5703029164870174,5277.88876,5351.08213,8127.250891547001,8.183604947935624,104.5245078293085,0.01286099189309173
2026-03-02 15:00:00+00:00,2026-03-02 16:00:00+00:00,2026-03-02 21:00:00+00:00,1,0.5233835729590534,5313.43102,5333.64743,8231.775399376309,8.247435426379134,23.072618579272593,0.002802872704838463
2026-03-03 02:00:00+00:00,2026-03-03 03:00:00+00:00,2026-03-03 08:00:00+00:00,-1,0.6136745329487866,5367.42503,5327.10566,8254.84801795558,8.223843367711801,53.78545711984788,0.006515620518131421
2026-03-03 09:00:00+00:00,2026-03-03 10:00:00+00:00,2026-03-03 15:00:00+00:00,1,0.5964262233539069,5274.25482,5056.67571,8308.63347507543,8.137255229378239,-350.8937466237619,-0.042232425786549246
2026-03-03 14:00:00+00:00,2026-03-03 15:00:00+00:00,2026-03-03 20:00:00+00:00,1,0.6032226460467577,5056.67571,5113.69812,7957.739728451667,8.002608088960894,81.73411292949183,0.010271021133961463
2026-03-04 12:00:00+00:00,2026-03-04 13:00:00+00:00,2026-03-04 18:00:00+00:00,1,0.5049466576408219,5170.24946,5141.66882,8039.473841381159,8.017253123654907,-52.4586885761588,-0.006525139531662005
2026-03-04 17:00:00+00:00,2026-03-04 18:00:00+00:00,2026-03-04 23:00:00+00:00,1,0.6062950040067794,5141.66882,5141.98382,7987.015152805,7.987259811675614,-7.497942070449012,-0.0009387664762118014
2026-03-04 22:00:00+00:00,2026-03-04 23:00:00+00:00,2026-03-05 04:00:00+00:00,1,0.6350590023010237,5141.98382,5179.01361,7979.517210734552,8.008249297119733,49.455923473241675,0.006197859114422416
2026-03-05 05:00:00+00:00,2026-03-05 06:00:00+00:00,2026-03-05 11:00:00+00:00,-1,0.5224575360177398,5151.18353,5166.35042,8028.973134207793,8.040793189893083,-31.680904560469877,-0.00394582271367829
2026-03-05 13:00:00+00:00,2026-03-05 14:00:00+00:00,2026-03-05 19:00:00+00:00,-1,0.5106285070054448,5116.38475,5069.86418,7997.292229647323,7.960934663596435,64.75419743818092,0.008097015287015034
2026-03-06 05:00:00+00:00,2026-03-06 06:00:00+00:00,2026-03-06 11:00:00+00:00,-1,0.518161566858875,5116.13046,5089.56599,8062.046427085505,8.041116156432192,33.81942515019472,0.004194893375529805
2026-03-06 13:00:00+00:00,2026-03-06 14:00:00+00:00,2026-03-06 19:00:00+00:00,1,0.5183540919783141,5086.22674,5163.15848,8095.865852235699,8.15709287559281,114.29695383862725,0.014117940677965134
2026-03-06 18:00:00+00:00,2026-03-06 19:00:00+00:00,2026-03-07 00:00:00+00:00,1,0.5102873005702424,5163.15848,5171.0641,8210.162806074326,8.216448341133376,4.354621776968746,0.0005303940835067192
2026-03-06 23:00:00+00:00,2026-03-07 00:00:00+00:00,2026-03-07 05:00:00+00:00,-1,0.5046625601549027,5171.0641,5171.06664,8214.517427851295,8.21451944531558,-8.21855437388475,-0.0010004914404368743
2026-03-08 18:00:00+00:00,2026-03-08 19:00:00+00:00,2026-03-09 00:00:00+00:00,1,0.5938627414216819,5171.07199,5074.94113,8206.29887347741,8.130020824201555,-160.68611937590944,-0.01958082710041718
2026-03-09 01:00:00+00:00,2026-03-09 02:00:00+00:00,2026-03-09 07:00:00+00:00,-1,0.5071465886355252,5071.09264,5101.4857,8045.612754101501,8.069723020717749,-56.29025625321157,-0.0069963914463215815
2026-03-09 06:00:00+00:00,2026-03-09 07:00:00+00:00,2026-03-09 12:00:00+00:00,-1,0.5628207813072881,5101.4857,5089.30828,7989.3224978482895,7.979787105484871,11.090997621354134,0.001388227553004801
2026-03-09 14:00:00+00:00,2026-03-09 15:00:00+00:00,2026-03-09 20:00:00+00:00,1,0.5986394788172605,5091.80447,5141.93524,8000.413495469644,8.03979706677617,70.7273455462792,0.008840461256949986
2026-03-09 19:00:00+00:00,2026-03-09 20:00:00+00:00,2026-03-10 01:00:00+00:00,-1,0.531695300304672,5141.93524,5130.15272,8071.140841015924,8.061893507673187,10.43277317779929,0.001292602047629007
2026-03-10 00:00:00+00:00,2026-03-10 01:00:00+00:00,2026-03-10 06:00:00+00:00,-1,0.5264378295821008,5130.15272,5177.4094,8081.573614193723,8.118795541008254,-82.56264917006595,-0.010216160009365084
2026-03-10 05:00:00+00:00,2026-03-10 06:00:00+00:00,2026-03-10 11:00:00+00:00,-1,0.5891382991034291,5177.4094,5177.10974,7999.010965023657,7.998779480178575,-7.535809790013374,-0.000942092694079847
2026-03-10 14:00:00+00:00,2026-03-10 15:00:00+00:00,2026-03-10 20:00:00+00:00,1,0.525890868470608,5210.29196,5198.01685,7991.475155233644,7.982061456601604,-26.809458720680595,-0.0033547571881172643
2026-03-11 14:00:00+00:00,2026-03-11 15:00:00+00:00,2026-03-11 20:00:00+00:00,-1,0.5037323617512891,5189.36893,5183.22388,7964.665696512963,7.95994997196162,1.4714991307248697,0.00018475340796401683
2026-03-12 00:00:00+00:00,2026-03-12 01:00:00+00:00,2026-03-12 06:00:00+00:00,-1,0.5340458928239787,5153.32617,5155.81806,7966.137195643689,7.968063207792115,-11.820087504644881,-0.0014837916061888488
2026-03-13 17:00:00+00:00,2026-03-13 18:00:00+00:00,2026-03-13 23:00:00+00:00,1,0.5742579287791769,5046.019227,5019.68973,7954.317108139044,7.933564792401207,-49.43819626807383,-0.006215265948787421
2026-03-13 22:00:00+00:00,2026-03-13 23:00:00+00:00,2026-03-14 04:00:00+00:00,1,0.560347726388629,5019.68973,5019.69225,7904.87891187097,7.904880896086722,-7.900912464584094,-0.0009994982279512316
2026-03-16 15:00:00+00:00,2026-03-16 16:00:00+00:00,2026-03-16 21:00:00+00:00,-1,0.5152911981987377,4986.00372,5006.47805,7896.977999406386,7.913191919676244,-40.34103245939133,-0.005108413935359039
2026-03-18 16:00:00+00:00,2026-03-18 17:00:00+00:00,2026-03-18 22:00:00+00:00,-1,0.5417203976673974,4889.54451,4819.85606,7856.636966946994,7.800648433524355,104.17641841175414,0.013259670626252188
2026-03-19 06:00:00+00:00,2026-03-19 07:00:00+00:00,2026-03-19 12:00:00+00:00,1,0.6204163369574285,4767.53964,4653.76852,7960.813385358749,7.8658261672804475,-197.8402623238845,-0.024851764857061646
2026-03-19 11:00:00+00:00,2026-03-19 12:00:00+00:00,2026-03-19 17:00:00+00:00,1,0.591623759445453,4653.76852,4591.59017,7762.973123034864,7.71111312421775,-111.43111075844664,-0.014354179641276879
2026-03-19 18:00:00+00:00,2026-03-19 19:00:00+00:00,2026-03-20 00:00:00+00:00,1,0.6548347093572757,4607.2812,4642.90775,7651.542012276417,7.681125407802337,51.485665644036644,0.006728796046787841
2026-03-20 01:00:00+00:00,2026-03-20 02:00:00+00:00,2026-03-20 07:00:00+00:00,-1,0.5874232878976151,4677.81021,4668.86823,7703.027677920454,7.695665224513499,7.0292415893967855,0.0009125297069287479
2026-03-20 08:00:00+00:00,2026-03-20 09:00:00+00:00,2026-03-20 14:00:00+00:00,-1,0.5021464050172125,4692.27324,4614.93329,7710.056919509851,7.646516777434487,119.43376737329193,0.015490646647636507
2026-03-20 13:00:00+00:00,2026-03-20 14:00:00+00:00,2026-03-20 19:00:00+00:00,-1,0.5976388009886053,4614.93329,4497.87178,7829.490686883142,7.7301900096313725,190.87116449390777,0.02437849052093222
2026-03-20 18:00:00+00:00,2026-03-20 19:00:00+00:00,2026-03-21 00:00:00+00:00,-1,0.5125905418186317,4497.87178,4497.44854,8020.36185137705,8.019984502030958,-7.2652858098469295,-0.0009058551153274365
2026-03-21 02:00:00+00:00,2026-03-21 03:00:00+00:00,2026-03-21 08:00:00+00:00,1,0.5134858531628107,4497.44621,4497.44757,8013.096565567203,8.013097777122697,-8.010674666134381,-0.0009996977573634607
2026-03-22 18:00:00+00:00,2026-03-22 19:00:00+00:00,2026-03-23 00:00:00+00:00,-1,0.5073451105677974,4497.4423,4466.95648,8005.085890901068,7.977954735982799,46.28435510055443,0.005781868643428706
2026-03-23 01:00:00+00:00,2026-03-23 02:00:00+00:00,2026-03-23 07:00:00+00:00,-1,0.5754413862687363,4389.39992,4213.80479,8051.370246001622,7.890325293298295,314.1995801133579,0.039024361135223166
2026-03-23 06:00:00+00:00,2026-03-23 07:00:00+00:00,2026-03-23 12:00:00+00:00,1,0.5759877178465902,4213.80479,4374.42625,8365.569826114981,8.525008873029462,310.3530849559295,0.03709885774751333
2026-03-23 11:00:00+00:00,2026-03-23 12:00:00+00:00,2026-03-23 17:00:00+00:00,-1,0.5669888484284846,4374.42625,4375.48397,8675.922911070911,8.676971814019211,-10.774777710620189,-0.0012419171794243393
2026-03-23 16:00:00+00:00,2026-03-23 17:00:00+00:00,2026-03-23 22:00:00+00:00,1,0.5337194172174924,4375.48397,4407.23995,8665.14813336029,8.696592685860848,54.192512315254234,0.00625407800088453
2026-03-24 03:00:00+00:00,2026-03-24 04:00:00+00:00,2026-03-24 09:00:00+00:00,-1,0.5565416527926957,4346.94243,4408.44553,8719.340645675544,8.781023827394728,-132.14738726576368,-0.015155662868992701
2026-03-24 08:00:00+00:00,2026-03-24 09:00:00+00:00,2026-03-24 14:00:00+00:00,-1,0.5036330693300161,4408.44553,4375.94431,8587.19325840978,8.55553876076715,54.7534565244925,0.006376176112127238
2026-03-24 14:00:00+00:00,2026-03-24 15:00:00+00:00,2026-03-24 20:00:00+00:00,1,0.6027771254740548,4429.4934,4399.59355,8641.946714934273,8.612779394074902,-66.94742111281717,-0.007746798646319395
2026-03-24 20:00:00+00:00,2026-03-24 21:00:00+00:00,2026-03-25 02:00:00+00:00,1,0.5845545662645839,4474.54883,4597.17624,8574.999293821455,8.69250052066058,226.30995315759202,0.026391833445473887
2026-03-25 02:00:00+00:00,2026-03-25 03:00:00+00:00,2026-03-25 08:00:00+00:00,-1,0.5576966805200947,4583.14684,4538.9004,8801.309246979046,8.758824616318826,76.21043670411981,0.008658988630615181
2026-03-25 07:00:00+00:00,2026-03-25 08:00:00+00:00,2026-03-25 13:00:00+00:00,-1,0.7217226147865293,4538.9004,4547.07277,8877.519683683167,8.88551174884694,-24.869642076389653,-0.0028014178467100355
2026-03-25 12:00:00+00:00,2026-03-25 13:00:00+00:00,2026-03-25 18:00:00+00:00,-1,0.6430950884543509,4547.07277,4551.2172,8852.650041606777,8.856684416056863,-16.92543331622872,-0.001911905840249019
2026-03-25 17:00:00+00:00,2026-03-25 18:00:00+00:00,2026-03-25 23:00:00+00:00,-1,0.5998620396612737,4551.2172,4518.12736,8835.724608290548,8.803604331370739,55.43694950824687,0.006274182590099114
2026-03-25 22:00:00+00:00,2026-03-25 23:00:00+00:00,2026-03-26 04:00:00+00:00,-1,0.6160126365508959,4518.12736,4515.74698,8891.161557798796,8.888819399038915,-4.204501879278325,-0.0004728855562848689
2026-03-26 03:00:00+00:00,2026-03-26 04:00:00+00:00,2026-03-26 09:00:00+00:00,-1,0.5147640936205924,4515.74698,4430.77575,8886.957055919516,8.803345676081019,158.41941400091508,0.017826058233891592
2026-03-26 08:00:00+00:00,2026-03-26 09:00:00+00:00,2026-03-26 14:00:00+00:00,1,0.5284017330249197,4430.77575,4445.69823,9045.376469920431,9.060608503437908,21.403458531518634,0.0023662319199973456
2026-03-26 13:00:00+00:00,2026-03-26 14:00:00+00:00,2026-03-26 19:00:00+00:00,-1,0.5198774796013569,4445.69823,4393.6378,9066.77992845195,9.013692602528057,97.1609592452591,0.010716148402407318
2026-03-26 21:00:00+00:00,2026-03-26 22:00:00+00:00,2026-03-27 03:00:00+00:00,1,0.6269222105485686,4379.02683,4431.68322,9163.940887697208,9.219037609417857,100.97440583188012,0.011018666212419644
2026-03-27 05:00:00+00:00,2026-03-27 06:00:00+00:00,2026-03-27 11:00:00+00:00,1,0.5105678570916408,4455.23756,4414.84743,9264.915293529088,9.22291852813723,-93.21644931185284,-0.010061230605848948
2026-03-27 10:00:00+00:00,2026-03-27 11:00:00+00:00,2026-03-27 16:00:00+00:00,1,0.5087072207314258,4414.84743,4524.86448,9171.698844217235,9.285977227143054,219.27078862448985,0.023907325387459738
2026-03-27 19:00:00+00:00,2026-03-27 20:00:00+00:00,2026-03-28 01:00:00+00:00,-1,0.5316905453563661,4514.75649,4507.70881,9390.969632841725,9.38363983011498,5.2759656233749155,0.0005618126593577748
2026-03-29 23:00:00+00:00,2026-03-30 00:00:00+00:00,2026-03-30 05:00:00+00:00,-1,0.6223071086014453,4446.69772,4497.2793,9396.2455984651,9.449687160986965,-116.33281220471282,-0.012380776022256812
2026-03-30 14:00:00+00:00,2026-03-30 15:00:00+00:00,2026-03-30 20:00:00+00:00,-1,0.5008827610477781,4539.18361,4513.5833,9279.912786260387,9.253744132983414,43.083562420964924,0.004642668892831988
2026-03-30 21:00:00+00:00,2026-03-30 22:00:00+00:00,2026-03-31 03:00:00+00:00,-1,0.562720597396557,4511.76606,4570.64285,9322.996348681352,9.383827084461132,-131.0452986440218,-0.01405613536066191
2026-03-31 03:00:00+00:00,2026-03-31 04:00:00+00:00,2026-03-31 09:00:00+00:00,-1,0.5350970036020064,4556.67617,4568.80671,9191.95105003733,9.204186210681906,-33.674507499833524,-0.003663477679169839
2026-03-31 11:00:00+00:00,2026-03-31 12:00:00+00:00,2026-03-31 17:00:00+00:00,1,0.6747581978942233,4581.52634,4640.50749,9158.276542537496,9.217226949280862,108.6835865374494,0.011867253192524397
2026-03-31 16:00:00+00:00,2026-03-31 17:00:00+00:00,2026-03-31 22:00:00+00:00,1,0.5911121949325672,4640.50749,4672.92247,9266.960129074945,9.299326020940445,55.432457710059644,0.005981730463708499
2026-04-01 03:00:00+00:00,2026-04-01 04:00:00+00:00,2026-04-01 09:00:00+00:00,-1,0.5071508721307627,4681.90212,4730.33128,9322.392586785005,9.370607567640716,-105.80056927906378,-0.011349078929484455
2026-04-01 09:00:00+00:00,2026-04-01 10:00:00+00:00,2026-04-01 15:00:00+00:00,-1,0.5300419670040788,4722.77565,4762.8843,9216.59201750594,9.255728437571008,-87.52856856770525,-0.009496847468289148
2026-04-01 18:00:00+00:00,2026-04-01 19:00:00+00:00,2026-04-02 00:00:00+00:00,-1,0.6206008856110086,4753.45455,4785.28567,9129.063448938234,9.159629462673525,-70.29165693325598,-0.0076997665013963
2026-04-02 01:00:00+00:00,2026-04-02 02:00:00+00:00,2026-04-02 07:00:00+00:00,-1,0.558056216621689,4695.84266,4598.414,9058.771792004978,8.96479675271556,178.98528182612,0.019758228370879975
2026-04-02 07:00:00+00:00,2026-04-02 08:00:00+00:00,2026-04-02 13:00:00+00:00,-1,0.628969758622955,4643.36053,4602.50421,9237.757073831097,9.197116167675713,72.08469614309607,0.007803268214023406
2026-04-02 13:00:00+00:00,2026-04-02 14:00:00+00:00,2026-04-02 19:00:00+00:00,-1,0.6403239719164437,4645.17082,4670.46508,9309.841769974193,9.33518912181696,-60.02989280734996,-0.006448003552644307
2026-04-02 19:00:00+00:00,2026-04-02 20:00:00+00:00,2026-04-03 01:00:00+00:00,-1,0.5019524064692849,4675.27835,4676.53357,9249.811877166843,9.251053573168159,-11.734445575797787,-0.001268614511476094
2026-04-05 03:00:00+00:00,2026-04-05 04:00:00+00:00,2026-04-05 09:00:00+00:00,1,0.7688909978198539,4676.42856,4676.42856,9238.077431591046,9.238077431591046,-9.238077431591046,-0.001
2026-04-05 08:00:00+00:00,2026-04-05 09:00:00+00:00,2026-04-05 14:00:00+00:00,1,0.7658137675338,4676.42856,4676.42856,9228.839354159456,9.228839354159456,-9.228839354159456,-0.001
2026-04-05 13:00:00+00:00,2026-04-05 14:00:00+00:00,2026-04-05 19:00:00+00:00,1,0.7876875255161484,4676.42856,4676.41762,9219.610514805296,9.219599730663322,-9.241168014608853,-0.001002338222397675
2026-04-05 18:00:00+00:00,2026-04-05 19:00:00+00:00,2026-04-06 00:00:00+00:00,1,0.8102053272589934,4676.41762,4611.27679,9210.369346790687,9.146220766337716,-137.44338167227616,-0.014922678613335709
2026-04-06 08:00:00+00:00,2026-04-06 09:00:00+00:00,2026-04-06 14:00:00+00:00,1,0.5312999587890521,4696.70941,4679.80315,9072.925965118411,9.056596527640284,-41.7154714838937,-0.004597796966962164
2026-04-06 15:00:00+00:00,2026-04-06 16:00:00+00:00,2026-04-06 21:00:00+00:00,-1,0.5437822799374701,4667.70266,4649.66027,9031.210493634517,9.013756016157341,25.89519893819337,0.0028673010064869074
2026-04-07 09:00:00+00:00,2026-04-07 10:00:00+00:00,2026-04-07 15:00:00+00:00,-1,0.6179011791376758,4672.10521,4633.48585,9057.10569257271,9.019672928371376,65.84585547429745,0.007270076966010722
2026-04-07 14:00:00+00:00,2026-04-07 15:00:00+00:00,2026-04-07 20:00:00+00:00,-1,0.5153499348036077,4633.48585,4700.79773,9122.951548047007,9.189217318541154,-141.72075830683536,-0.01553452931986405
2026-04-08 11:00:00+00:00,2026-04-08 12:00:00+00:00,2026-04-08 17:00:00+00:00,-1,0.5736938115455053,4799.57396,4760.60497,8981.230789740172,8.944770314732398,63.976179700812615,0.007123319865457266
2026-04-08 16:00:00+00:00,2026-04-08 17:00:00+00:00,2026-04-08 22:00:00+00:00,-1,0.6825175386176044,4760.60497,4730.39222,9045.206969440984,9.0165046743978,48.388085411971716,0.005349582997431646
2026-04-09 12:00:00+00:00,2026-04-09 13:00:00+00:00,2026-04-09 18:00:00+00:00,-1,0.5934728156318155,4745.80985,4798.39171,9093.595054852956,9.143971930158123,-109.89772254049338,-0.012085178840446005
2026-04-10 04:00:00+00:00,2026-04-10 05:00:00+00:00,2026-04-10 10:00:00+00:00,-1,0.50310620005192,4758.64119,4752.35901,8983.697332312464,8.977767361817346,2.8821736284190047,0.00032082265483860794
2026-04-12 16:00:00+00:00,2026-04-12 17:00:00+00:00,2026-04-12 22:00:00+00:00,1,0.507446453730338,4750.45391,4752.99783,8986.579505940883,8.988985711723517,-4.176574146456111,-0.00046475682362739294
2026-04-12 22:00:00+00:00,2026-04-12 23:00:00+00:00,2026-04-13 04:00:00+00:00,-1,0.5210415222528407,4659.95424,4719.3523,8982.402931794426,9.03964998625122,-123.5337588998394,-0.013752863219103099
2026-04-13 17:00:00+00:00,2026-04-13 18:00:00+00:00,2026-04-13 23:00:00+00:00,-1,0.5396765749694408,4730.22433,4758.84526,8858.869172894587,8.885670129549911,-62.48758344019711,-0.0070536749353280765
2026-04-19 19:00:00+00:00,2026-04-19 20:00:00+00:00,2026-04-20 01:00:00+00:00,-1,0.5531492128227474,4834.28079,4773.11528,8796.38158945439,8.740733687579663,102.55507006187254,0.01165877912627409
2026-04-20 00:00:00+00:00,2026-04-20 01:00:00+00:00,2026-04-20 06:00:00+00:00,1,0.5136326883608301,4773.11528,4790.80071,8898.936659516263,8.915422907190372,24.05707244102856,0.002703364835764128
2026-04-21 22:00:00+00:00,2026-04-21 23:00:00+00:00,2026-04-22 04:00:00+00:00,-1,0.5218389473749694,4719.17826,4759.10256,8922.993731957291,8.96073804452886,-84.44936318766716,-0.00946424100750129
2026-04-22 07:00:00+00:00,2026-04-22 08:00:00+00:00,2026-04-22 13:00:00+00:00,-1,0.5368402003368616,4761.14555,4744.40381,8838.544368769624,8.823004766981942,22.256198808386305,0.002518084186693345
2026-04-22 15:00:00+00:00,2026-04-22 16:00:00+00:00,2026-04-22 21:00:00+00:00,-1,0.5151353418766029,4728.71351,4739.70626,8860.800567578011,8.871099834517452,-29.469633713396114,-0.003325843245047921
2026-04-23 17:00:00+00:00,2026-04-23 18:00:00+00:00,2026-04-23 23:00:00+00:00,-1,0.5668783239445808,4709.04839,4692.9542,8831.330933864616,8.816239443373211,21.366741539434823,0.0024194248522045447
2026-04-29 08:00:00+00:00,2026-04-29 09:00:00+00:00,2026-04-29 14:00:00+00:00,-1,0.5169965221771041,4575.87925,4523.12376,8852.69767540405,8.801666127348254,93.26142998424552,0.01053480344679103
2026-04-29 18:00:00+00:00,2026-04-29 19:00:00+00:00,2026-04-30 00:00:00+00:00,1,0.509786190743993,4537.72857,4560.82219,8945.959105388296,8.968723201667789,36.559469357318626,0.004086702043529158
2026-04-30 04:00:00+00:00,2026-04-30 05:00:00+00:00,2026-04-30 10:00:00+00:00,-1,0.5090407670103552,4542.94771,4625.44566,8982.518574745614,9.06407788552331,-172.18269944091742,-0.01916864385062445
2026-04-30 10:00:00+00:00,2026-04-30 11:00:00+00:00,2026-04-30 16:00:00+00:00,-1,0.5605782655228294,4639.12273,4616.28552,8810.335875304696,8.788650364674234,34.58237089624946,0.003925204598973755
2026-05-06 09:00:00+00:00,2026-05-06 10:00:00+00:00,2026-05-06 15:00:00+00:00,-1,0.5945853628336134,4701.5502,4703.28578,8844.918246200947,8.84655079956704,-12.11165753175629,-0.001369335158858983
2026-05-06 15:00:00+00:00,2026-05-06 16:00:00+00:00,2026-05-06 21:00:00+00:00,-1,0.5045581642100054,4691.22749,4690.82727,8832.80658866919,8.832429814588156,-8.078881652522558,-0.000914644917379514
2026-05-07 11:00:00+00:00,2026-05-07 12:00:00+00:00,2026-05-07 17:00:00+00:00,1,0.5056171439802503,4742.77748,4713.28039,8824.727707016666,8.79728558175388,-63.68153610732625,-0.007216260741585507
2026-05-07 17:00:00+00:00,2026-05-07 18:00:00+00:00,2026-05-07 23:00:00+00:00,-1,0.514180776547679,4708.81559,4685.90343,8761.04617090934,8.739731416933674,33.88977653439829,0.003868233984079181
2026-05-08 01:00:00+00:00,2026-05-08 02:00:00+00:00,2026-05-08 07:00:00+00:00,-1,0.6202094029908904,4724.4007,4725.91979,8794.935947443739,8.79634991506596,-11.624285159508787,-0.0013217020827635934
2026-05-08 13:00:00+00:00,2026-05-08 14:00:00+00:00,2026-05-08 19:00:00+00:00,-1,0.5511525927875032,4744.35667,4722.66783,8783.31166228423,8.763235195171418,31.389699030453514,0.0035737885933436364
2026-05-10 21:00:00+00:00,2026-05-10 22:00:00+00:00,2026-05-11 03:00:00+00:00,-1,0.5366680687203389,4715.50865,4680.22012,8814.701361314683,8.781718932851764,57.18313799298429,0.006487246209377605
2026-05-11 13:00:00+00:00,2026-05-11 14:00:00+00:00,2026-05-11 19:00:00+00:00,1,0.5098403399667736,4741.99129,4727.50254,8871.884499307667,8.858330856051257,-35.965617368873964,-0.004053887014836656
2026-05-14 04:00:00+00:00,2026-05-14 05:00:00+00:00,2026-05-14 10:00:00+00:00,-1,0.5154343570891389,4703.23315,4700.77011,8835.918881938793,8.833605237159887,-4.206315679344255,-0.0004760473399028418
2026-05-15 02:00:00+00:00,2026-05-15 03:00:00+00:00,2026-05-15 08:00:00+00:00,-1,0.5081898035438772,4621.10792,4570.03404,8831.71256625945,8.782907189322524,88.82784668453084,0.010057828084655687
2026-05-15 08:00:00+00:00,2026-05-15 09:00:00+00:00,2026-05-15 14:00:00+00:00,1,0.5612817253247073,4554.94768,4535.91049,8920.540412943981,8.90189892300003,-46.18487881090361,-0.00517736332923148
2026-05-15 13:00:00+00:00,2026-05-15 14:00:00+00:00,2026-05-15 19:00:00+00:00,1,0.5167595406007907,4535.91049,4559.25335,8874.355534133078,8.897190292367416,36.772326176307736,0.004143661591523105
2026-05-17 14:00:00+00:00,2026-05-17 15:00:00+00:00,2026-05-17 20:00:00+00:00,-1,0.5057961427749645,4537.74656,4537.69007,8911.127860309385,8.911072393393574,-8.800138561772016,-0.0009875448652205158
2026-05-17 20:00:00+00:00,2026-05-17 21:00:00+00:00,2026-05-18 02:00:00+00:00,-1,0.5113687185028387,4537.73389,4528.21653,8902.327721747613,8.892991932142083,9.778587278920556,0.0010984303863620204
2026-05-19 00:00:00+00:00,2026-05-19 01:00:00+00:00,2026-05-19 06:00:00+00:00,-1,0.5931396225778748,4565.77016,4541.79311,8912.106309026532,8.888705435670168,37.91304127705712,0.004254105591027039
2026-05-24 22:00:00+00:00,2026-05-24 23:00:00+00:00,2026-05-25 04:00:00+00:00,1,0.6150317843089291,4563.44429,4560.87335,8950.01935030359,8.947498232340246,-13.989734159027577,-0.0015630954092354043
2026-05-27 16:00:00+00:00,2026-05-27 17:00:00+00:00,2026-05-27 22:00:00+00:00,-1,0.5273688484774888,4450.4116,4456.32558,8936.029616144562,8.941966988367536,-20.816711434315152,-0.0023295257881314514
2026-05-28 10:00:00+00:00,2026-05-28 11:00:00+00:00,2026-05-28 16:00:00+00:00,1,0.5447048218069337,4384.31879,4479.69566,8915.212904710248,9.012184081187456,184.93016887323174,0.0207432139703053
2026-05-28 16:00:00+00:00,2026-05-28 17:00:00+00:00,2026-05-28 22:00:00+00:00,1,0.6344877054737015,4509.11354,4496.36875,9100.14307358348,9.08728251779863,-34.80839408749796,-0.003825038112702003
2026-05-28 21:00:00+00:00,2026-05-28 22:00:00+00:00,2026-05-29 03:00:00+00:00,-1,0.5126478126441758,4496.36875,4503.23298,9065.334679495982,9.072254323516175,-22.91154236390164,-0.0025273796471875524
2026-05-31 18:00:00+00:00,2026-05-31 19:00:00+00:00,2026-06-01 00:00:00+00:00,1,0.5270121728908775,4542.46887,4542.55052,9042.42313713208,9.042504405036196,-8.879968596805643,-0.0009820341806767116
2026-06-07 14:00:00+00:00,2026-06-07 15:00:00+00:00,2026-06-07 20:00:00+00:00,-1,0.5616350715998482,4330.10466,4330.16116,9033.543168535274,9.033602104199549,-9.151473432746007,-0.001013054707550576
2026-06-07 21:00:00+00:00,2026-06-07 22:00:00+00:00,2026-06-08 03:00:00+00:00,-1,0.5616053767493134,4330.21391,4312.87671,9024.39169510253,9.00632588046286,27.125303398872028,0.003005776379763384
2026-06-08 09:00:00+00:00,2026-06-08 10:00:00+00:00,2026-06-08 15:00:00+00:00,-1,0.5255330548499993,4293.31368,4326.82832,9051.5169985014,9.08684615871066,-79.74516657722936,-0.008810143823453267
2026-06-09 19:00:00+00:00,2026-06-09 20:00:00+00:00,2026-06-10 01:00:00+00:00,1,0.5488963960671053,4258.0535,4215.85099,8971.77183192417,8.927311224459457,-97.84852615388644,-0.010906265561247663
2026-06-10 04:00:00+00:00,2026-06-10 05:00:00+00:00,2026-06-10 10:00:00+00:00,1,0.5988800591009525,4174.87617,4167.08333,8873.923305770284,8.865641255994646,-25.429740807271024,-0.0028656705643078178
2026-06-10 10:00:00+00:00,2026-06-10 11:00:00+00:00,2026-06-10 16:00:00+00:00,1,0.5628851483634432,4176.94213,4124.1556,8848.493564963013,8.792581697323403,-120.61631697654063,-0.013631282668740327
2026-06-11 01:00:00+00:00,2026-06-11 02:00:00+00:00,2026-06-11 07:00:00+00:00,1,0.5577019544666746,4099.76491,4093.70185,8727.877247986473,8.721423506785595,-21.62890590854517,-0.0024781404795232395
2026-06-11 11:00:00+00:00,2026-06-11 12:00:00+00:00,2026-06-11 17:00:00+00:00,1,0.521961399443374,4082.59694,4081.67764,8706.248342077926,8.705268126026906,-10.665700228068413,-0.0012250627146161584
2026-06-11 16:00:00+00:00,2026-06-11 17:00:00+00:00,2026-06-11 22:00:00+00:00,1,0.5123522049689899,4081.67764,4215.73932,8695.582641849858,8.838384759062773,276.7658496667672,0.03182832721694303
2026-06-11 23:00:00+00:00,2026-06-12 00:00:00+00:00,2026-06-12 05:00:00+00:00,-1,0.5032224782313317,4220.12879,4191.07794,8972.348491516626,8.941466217166088,52.82308248391098,0.005887319527752997
2026-06-12 08:00:00+00:00,2026-06-12 09:00:00+00:00,2026-06-12 14:00:00+00:00,1,0.5702403587339689,4222.04787,4186.97181,9025.171574000538,8.987681774099247,-83.96728157668043,-0.009303677042392305
2026-06-12 13:00:00+00:00,2026-06-12 14:00:00+00:00,2026-06-12 19:00:00+00:00,-1,0.542602035817095,4186.97181,4217.82192,8941.204292423858,8.974144224727075,-74.85400883115989,-0.008371803884918039
2026-06-15 12:00:00+00:00,2026-06-15 13:00:00+00:00,2026-06-15 18:00:00+00:00,-1,0.56744861887931,4348.49871,4323.39753,8866.350283592697,8.840760319187314,42.33916849157881,0.004775264583210526
2026-06-17 18:00:00+00:00,2026-06-17 19:00:00+00:00,2026-06-18 00:00:00+00:00,-1,0.5106591754692851,4285.24526,4275.16274,8908.689452084276,8.898209067167588,12.062560766209035,0.001354021916589188
2026-06-18 00:00:00+00:00,2026-06-18 01:00:00+00:00,2026-06-18 06:00:00+00:00,-1,0.580315182281865,4312.0293,4308.26601,8920.752012850486,8.916859254417417,-1.1313423882776288,-0.00012682141445563244
2026-06-18 20:00:00+00:00,2026-06-18 21:00:00+00:00,2026-06-19 02:00:00+00:00,1,0.5177959147092961,4208.51583,4184.9491,8919.620670462207,8.894646748474702,-58.84249072348618,-0.006596972326227525
2026-06-19 02:00:00+00:00,2026-06-19 03:00:00+00:00,2026-06-19 08:00:00+00:00,1,0.5330176569141319,4176.51119,4160.0622,8860.778179738722,8.843329303746277,-43.74108128863662,-0.004936483049384543
2026-06-19 08:00:00+00:00,2026-06-19 09:00:00+00:00,2026-06-19 14:00:00+00:00,1,0.5305885227864842,4166.45885,4155.2545,8817.037098450084,8.805181806801876,-32.51576510321893,-0.0036878335363854558
2026-06-22 00:00:00+00:00,2026-06-22 01:00:00+00:00,2026-06-22 06:00:00+00:00,1,0.5450559643707459,4195.59055,4195.1909,8784.521333346864,8.784102949580737,-9.620870481835437,-0.001095207139552808
2026-06-23 09:00:00+00:00,2026-06-23 10:00:00+00:00,2026-06-23 15:00:00+00:00,-1,0.5237905539254193,4119.45816,4128.51723,8774.90046286503,8.78454887224906,-28.081367640309775,-0.003200192157067629
2026-06-23 16:00:00+00:00,2026-06-23 17:00:00+00:00,2026-06-23 22:00:00+00:00,1,0.5339246430716282,4132.6601,4110.33453,8746.81909522472,8.723192941940571,-55.97549951023926,-0.0063995263764856855
2026-06-24 07:00:00+00:00,2026-06-24 08:00:00+00:00,2026-06-24 13:00:00+00:00,1,0.5094588124449096,4075.42834,3995.33519,8690.843595714481,8.605444346645843,-179.403942483924,-0.020642868613167702
2026-06-24 14:00:00+00:00,2026-06-24 15:00:00+00:00,2026-06-24 20:00:00+00:00,1,0.5065356895398418,4006.04917,3987.66422,8511.439653230556,8.491908890400122,-47.55343455126919,-0.005587002491784109
2026-06-24 19:00:00+00:00,2026-06-24 20:00:00+00:00,2026-06-25 01:00:00+00:00,1,0.5558395243052844,3987.66422,3993.27432,8463.886218679287,8.469839985778991,3.4376942136305075,0.000406160258398054
2026-06-25 00:00:00+00:00,2026-06-25 01:00:00+00:00,2026-06-25 06:00:00+00:00,1,0.5190761943292468,3993.27432,3990.00539,8467.323912892916,8.463858199428163,-15.395285128939628,-0.0018181996209567148
2026-06-25 05:00:00+00:00,2026-06-25 06:00:00+00:00,2026-06-25 11:00:00+00:00,1,0.7238001337452384,3990.00539,3982.47753,8451.928627763977,8.443955588980714,-24.390033155506686,-0.002885735816010938
2026-06-25 10:00:00+00:00,2026-06-25 11:00:00+00:00,2026-06-25 16:00:00+00:00,1,0.6399300151093545,3982.47753,4040.15361,8427.53859460847,8.48856434886875,113.56294417168864,0.013475220895973196
2026-06-25 15:00:00+00:00,2026-06-25 16:00:00+00:00,2026-06-25 21:00:00+00:00,1,0.5203464970670492,4040.15361,4026.49141,8541.101538780158,8.526660226802033,-37.40928418305309,-0.004379913294930327
2026-06-26 09:00:00+00:00,2026-06-26 10:00:00+00:00,2026-06-26 15:00:00+00:00,-1,0.5476467386762479,4048.95277,4084.86386,8503.692254597105,8.541402852279273,-83.96259821661543,-0.00987366378072127
2026-06-26 15:00:00+00:00,2026-06-26 16:00:00+00:00,2026-06-26 21:00:00+00:00,1,0.5603883205850179,4090.1456,4088.78641,8419.729656380488,8.418330682667712,-11.21627810821976,-0.0013321423093103756
2026-06-26 20:00:00+00:00,2026-06-26 21:00:00+00:00,2026-06-27 02:00:00+00:00,-1,0.50867247122974,4088.78641,4080.81596,8408.51337827227,8.400317837011917,7.9907646836943576,0.0009503183647590571
2026-06-30 06:00:00+00:00,2026-06-30 07:00:00+00:00,2026-06-30 12:00:00+00:00,1,0.5121988392620725,4030.22807,4032.90283,8416.504142955964,8.419297052963834,-2.833477037221682,-0.0003366572378620056
2026-07-01 04:00:00+00:00,2026-07-01 05:00:00+00:00,2026-07-01 10:00:00+00:00,-1,0.5301222969406678,3978.15448,3984.42196,8413.670665918742,8.420298426717167,-21.675820023563805,-0.0025762620007657366
2026-07-02 12:00:00+00:00,2026-07-02 13:00:00+00:00,2026-07-02 18:00:00+00:00,1,0.5957742353389129,4118.8628,4107.45901,8391.994845895179,8.38037749523911,-31.615078807376406,-0.0037672900648694344
2026-07-02 18:00:00+00:00,2026-07-02 19:00:00+00:00,2026-07-03 00:00:00+00:00,1,0.5131275603985117,4122.12588,4126.72023,8360.379767087801,8.365038832810331,0.9530926122493693,0.00011400111463852355
2026-07-03 01:00:00+00:00,2026-07-03 02:00:00+00:00,2026-07-03 07:00:00+00:00,1,0.6452380254403125,4182.71575,4172.78317,8361.33285970005,8.351405146164222,-28.206832217823234,-0.0033734851477776363
2026-07-03 06:00:00+00:00,2026-07-03 07:00:00+00:00,2026-07-03 12:00:00+00:00,-1,0.5020560898286462,4172.78317,4179.15536,8333.126027482229,8.339488718781748,-21.064871317816333,-0.0025278474426458273
2026-07-05 19:00:00+00:00,2026-07-05 20:00:00+00:00,2026-07-06 01:00:00+00:00,1,0.5057197221232885,4174.91042,4180.66557,8312.061156164413,8.317790280139594,3.140457670219848,0.000377819365283521
2026-07-06 01:00:00+00:00,2026-07-06 02:00:00+00:00,2026-07-06 07:00:00+00:00,1,0.5126737561036007,4190.38932,4149.60294,8315.201613834633,8.274734374766918,-89.20921251019622,-0.010728448527546472
2026-07-07 22:00:00+00:00,2026-07-07 23:00:00+00:00,2026-07-08 04:00:00+00:00,-1,0.568534637714753,4096.65876,4123.87474,8225.992401324438,8.25331691842366,-62.9023511168682,-0.007646779628284184
2026-07-08 08:00:00+00:00,2026-07-08 09:00:00+00:00,2026-07-08 14:00:00+00:00,-1,0.5623411834998928,4055.74994,4071.22468,8163.09005020757,8.178663211520808,-39.32498583799572,-0.004817414189495039
2026-07-08 14:00:00+00:00,2026-07-08 15:00:00+00:00,2026-07-08 20:00:00+00:00,-1,0.6098530363222706,4042.29646,4081.68149,8123.765064369574,8.163340926004071,-87.3150641949963,-0.010748103065899307
2026-07-12 22:00:00+00:00,2026-07-12 23:00:00+00:00,2026-07-13 04:00:00+00:00,-1,0.5445115642131964,4077.70634,4059.80404,8036.450000174578,8.018808840311394,27.26351088605883,0.0033924818651850726
2026-07-13 16:00:00+00:00,2026-07-13 17:00:00+00:00,2026-07-13 22:00:00+00:00,1,0.5291135553496854,3991.94425,4001.84405,8063.713511060637,8.073712291857337,11.923849301543981,0.001478704480905549
2026-07-14 15:00:00+00:00,2026-07-14 16:00:00+00:00,2026-07-14 21:00:00+00:00,-1,0.5175779997492375,4068.01457,4052.82,8075.6373603621805,8.060555575986143,22.103013176088314,0.0027369992224486202
2026-07-15 19:00:00+00:00,2026-07-15 20:00:00+00:00,2026-07-16 01:00:00+00:00,-1,0.5309711912876289,4053.63008,4049.6637,8097.740373538269,8.093778650979857,-0.17033353415423313,-2.1034699347838773e-05
2026-07-21 05:00:00+00:00,2026-07-21 06:00:00+00:00,2026-07-21 11:00:00+00:00,-1,0.5010617348204635,4062.25592,4063.24147,8097.570040004114,8.098552321808867,-10.063115931313078,-0.001242732805224117
2026-07-22 01:00:00+00:00,2026-07-22 02:00:00+00:00,2026-07-22 07:00:00+00:00,-1,0.528202590366867,4121.42109,4114.96624,8087.506924072801,8.081173714855776,4.585244719192649,0.0005669540393893794
2026-07-22 19:00:00+00:00,2026-07-22 20:00:00+00:00,2026-07-23 01:00:00+00:00,1,0.5206412859122629,4131.47703,4128.98187,8092.092168791994,8.089648603869659,-12.976778448540788,-0.001603637004851119
2026-07-24 03:00:00+00:00,2026-07-24 04:00:00+00:00,2026-07-24 09:00:00+00:00,-1,0.535086779735403,4029.04422,4056.7881,8079.115390343452,8.106931665824272,-63.73948262746196,-0.00788941357412056
2026-07-26 19:00:00+00:00,2026-07-26 20:00:00+00:00,2026-07-27 01:00:00+00:00,1,0.5010957675910921,4055.93147,4104.8633,8015.375907715991,8.063725715177416,88.63588920766904,0.01105823235593278
2026-07-29 22:00:00+00:00,2026-07-29 23:00:00+00:00,2026-07-30 04:00:00+00:00,1,0.5340815685524039,4087.51378,4057.3985,8104.01179692366,8.074158125777423,-67.78150041825104,-0.00836394394736461
2026-07-30 10:00:00+00:00,2026-07-30 11:00:00+00:00,2026-07-30 16:00:00+00:00,-1,0.5004427589127101,4079.34113,4108.29996,8036.230296505409,8.064754489454842,-65.11314038832025,-0.008102448285564313
2026-07-31 12:00:00+00:00,2026-07-31 13:00:00+00:00,2026-07-31 18:00:00+00:00,-1,0.5635391954265024,4042.17359,4053.58704,7971.117156117089,7.982370748408444,-30.489555331118233,-0.0038250040407096946
2026-08-02 18:00:00+00:00,2026-08-02 19:00:00+00:00,2026-08-03 00:00:00+00:00,1,0.525958275326032,4042.67801,4072.61578,7940.627600785971,7.9700294826796,50.83373430457839,0.006401727528381613
2026-08-05 06:00:00+00:00,2026-08-05 07:00:00+00:00,2026-08-05 12:00:00+00:00,-1,0.5030533163669964,4176.90168,4191.54952,7991.461335090548,8.005473832387658,-36.03046842660799,-0.0045086207535532975
2026-08-05 21:00:00+00:00,2026-08-05 22:00:00+00:00,2026-08-06 03:00:00+00:00,-1,0.5263576545198765,4247.04554,4278.65596,7955.430866663941,7.985036684238505,-67.19667183336642,-0.008446641415104763
2026-08-06 06:00:00+00:00,2026-08-06 07:00:00+00:00,2026-08-06 12:00:00+00:00,-1,0.5558994319698892,4254.10084,4261.84719,7888.234194830574,7.895416091223412,-22.25920887689902,-0.002821824039084214
2026-08-06 13:00:00+00:00,2026-08-06 14:00:00+00:00,2026-08-06 19:00:00+00:00,-1,0.6167068313835475,4267.73098,4242.50511,7865.974985953675,7.842727730755444,38.65178266570842,0.004913794251155027
2026-08-07 01:00:00+00:00,2026-08-07 02:00:00+00:00,2026-08-07 07:00:00+00:00,-1,0.5343502820979223,4258.1045,4297.60965,7904.626768619383,7.941294899496435,-81.27755665359938,-0.01028227632154165
2026-08-07 13:00:00+00:00,2026-08-07 14:00:00+00:00,2026-08-07 19:00:00+00:00,-1,0.5256854615767329,4345.06197,4334.6684,7823.349211965784,7.813992322670484,10.899786267928683,0.0013932378540967465
2026-08-09 19:00:00+00:00,2026-08-09 20:00:00+00:00,2026-08-10 01:00:00+00:00,1,0.5860470633575156,4342.26835,4331.95814,7834.248998233713,7.824948242746769,-26.426459216632924,-0.0033731962339454565
2026-08-11 05:00:00+00:00,2026-08-11 06:00:00+00:00,2026-08-11 11:00:00+00:00,1,0.5362683344577674,4373.48361,4379.24595,7807.82253901708,7.812966187895357,2.474331568659264,0.00031690417607400635
2026-08-11 20:00:00+00:00,2026-08-11 21:00:00+00:00,2026-08-12 02:00:00+00:00,-1,0.5000184229590094,4368.15364,4395.36451,7810.296870585739,7.834623507229284,-56.487896794318715,-0.00723249035603974
2026-08-12 16:00:00+00:00,2026-08-12 17:00:00+00:00,2026-08-12 22:00:00+00:00,-1,0.5311975850252006,4400.19398,4408.74865,7753.808973791421,7.7613462866139145,-22.835971931601428,-0.0029451295497205424
2026-08-13 11:00:00+00:00,2026-08-13 12:00:00+00:00,2026-08-13 17:00:00+00:00,-1,0.5156140702503621,4386.84556,4366.92326,7730.973001859819,7.71341838757851,27.395810175041152,0.003543643234616214
2026-08-19 19:00:00+00:00,2026-08-19 20:00:00+00:00,2026-08-20 01:00:00+00:00,-1,0.5124513104241032,4509.77739,4509.61846,7758.36881203486,7.758232104892947,-7.484817821067143,-0.0009647411720691363
2026-08-21 10:00:00+00:00,2026-08-21 11:00:00+00:00,2026-08-21 16:00:00+00:00,1,0.5274125770120949,4588.34549,4612.24139,7750.883994213792,7.771067124411921,32.59519327184624,0.004205351711647249
2026-08-25 05:00:00+00:00,2026-08-25 06:00:00+00:00,2026-08-25 11:00:00+00:00,-1,0.5009134630004717,4643.44147,4641.16792,7783.479187485638,7.781573690321408,-3.970579361861166,-0.0005101291165838929
2026-08-26 00:00:00+00:00,2026-08-26 01:00:00+00:00,2026-08-26 06:00:00+00:00,-1,0.5294537886124804,4637.9623,4639.01684,7779.508608123778,7.780393027021233,-9.549230821932058,-0.001227485089734362
2026-08-27 05:00:00+00:00,2026-08-27 06:00:00+00:00,2026-08-27 11:00:00+00:00,-1,0.5036409436968625,4605.15688,4589.81325,7769.959377301846,7.757015259988697,18.131219366308162,0.0023335024658268306
2026-08-27 12:00:00+00:00,2026-08-27 13:00:00+00:00,2026-08-27 18:00:00+00:00,-1,0.5323089793369364,4585.49045,4605.95671,7788.090596668154,7.805470753577539,-42.565784572346196,-0.005465496843418384
2026-08-28 01:00:00+00:00,2026-08-28 02:00:00+00:00,2026-08-28 07:00:00+00:00,-1,0.5587822835581812,4576.48392,4610.76115,7745.524812095808,7.774531265532109,-65.78743813813387,-0.008493606273831418
2026-08-28 14:00:00+00:00,2026-08-28 15:00:00+00:00,2026-08-28 20:00:00+00:00,-1,0.5986390288688975,4578.27475,4460.00681,7679.737373957674,7.580544253343955,190.8056969740926,0.02484534140726258
2026-08-28 20:00:00+00:00,2026-08-28 21:00:00+00:00,2026-08-29 02:00:00+00:00,1,0.5211309789031031,4456.35382,4458.7831,7870.543070931767,7.872688294767624,-3.582240623054644,-0.000455145291852212
2026-09-02 17:00:00+00:00,2026-09-02 18:00:00+00:00,2026-09-02 23:00:00+00:00,-1,0.50958512508987,4377.68277,4384.80378,7866.9608303087125,7.873359273239085,-20.670245133983034,-0.0026274752830022542
2026-09-04 15:00:00+00:00,2026-09-04 16:00:00+00:00,2026-09-04 21:00:00+00:00,1,0.5100234716916874,4436.79082,4430.11359,7846.29058517473,7.840386375464428,-19.648805796069006,-0.002504215919965376
2026-09-08 19:00:00+00:00,2026-09-08 20:00:00+00:00,2026-09-09 01:00:00+00:00,-1,0.5034701819043483,4361.79741,4361.68634,7826.641779378661,7.826542129507207,-7.627242386598006,-0.0009745229948678594
2026-09-09 01:00:00+00:00,2026-09-09 02:00:00+00:00,2026-09-09 07:00:00+00:00,-1,0.5236750766715688,4372.59497,4400.04356,7819.014536992064,7.843556133652906,-56.926749455337294,-0.007280552963038324
2026-09-09 18:00:00+00:00,2026-09-09 19:00:00+00:00,2026-09-10 00:00:00+00:00,-1,0.513264209533333,4402.46154,4393.63719,7762.087787536727,7.754308573709915,7.804119079913306,0.0010054149467935763
2026-09-11 03:00:00+00:00,2026-09-11 04:00:00+00:00,2026-09-11 09:00:00+00:00,-1,0.5419976851503898,4305.07151,4346.52424,7769.891906616641,7.807299326050443,-82.6221381936549,-0.010633627750123012
2026-09-11 19:00:00+00:00,2026-09-11 20:00:00+00:00,2026-09-12 01:00:00+00:00,1,0.5615201236809212,4347.6636,4348.37076,7687.269768422986,7.687894946701434,-6.437538389805573,-0.0008374284477759662
2026-09-14 19:00:00+00:00,2026-09-14 20:00:00+00:00,2026-09-15 01:00:00+00:00,-1,0.5339618187886124,4284.96457,4293.47453,7680.83223003318,7.6884593146889,-22.94262862612748,-0.0029869977548029805
2026-09-15 08:00:00+00:00,2026-09-15 09:00:00+00:00,2026-09-15 14:00:00+00:00,-1,0.504132452489646,4266.19328,4295.78618,7657.889601407052,7.684449481177136,-60.80420902134406,-0.007940073856663062
2026-09-17 00:00:00+00:00,2026-09-17 01:00:00+00:00,2026-09-17 06:00:00+00:00,1,0.5001951624641571,4277.78755,4303.65405,7597.0853923857085,7.620054042301732,38.31724578974476,0.005043677122301243
2026-09-17 07:00:00+00:00,2026-09-17 08:00:00+00:00,2026-09-17 13:00:00+00:00,-1,0.5249877240474841,4325.59134,4373.00226,7635.402638175453,7.677246797180812,-91.3655648078987,-0.011966044115485089
2026-09-17 13:00:00+00:00,2026-09-17 14:00:00+00:00,2026-09-17 19:00:00+00:00,-1,0.5563811961614743,4365.91665,4351.48558,7544.037073367554,7.531569069988657,17.40443768780559,0.0023070456200762666
2026-09-18 01:00:00+00:00,2026-09-18 02:00:00+00:00,2026-09-18 07:00:00+00:00,1,0.511781878504046,4349.75022,4393.84674,7561.44151105536,7.599769373571231,69.0559556581717,0.009132644292388829
2026-09-18 10:00:00+00:00,2026-09-18 11:00:00+00:00,2026-09-18 16:00:00+00:00,1,0.533820681102912,4380.67329,4355.66689,7630.497466713531,7.608718705867887,-51.166240397155654,-0.006705492088865478
2026-09-22 07:00:00+00:00,2026-09-22 08:00:00+00:00,2026-09-22 13:00:00+00:00,-1,0.5029734007176457,4300.72142,4336.77719,7579.331226316376,7.611102480108709,-71.1536100647736,-0.009387848075265461
2026-09-24 08:00:00+00:00,2026-09-24 09:00:00+00:00,2026-09-24 14:00:00+00:00,-1,0.5030771807839006,4261.91826,4265.46699,7508.177616251603,7.5113034968441745,-13.763064681986416,-0.0018330765980010893
2026-09-24 14:00:00+00:00,2026-09-24 15:00:00+00:00,2026-09-24 20:00:00+00:00,-1,0.5130654819881767,4253.67715,4273.52655,7494.414551569616,7.511900555673138,-42.48390876271809,-0.005668742831128862
2026-09-27 16:00:00+00:00,2026-09-27 17:00:00+00:00,2026-09-27 22:00:00+00:00,-1,0.5616841196927311,4286.1429,4287.24544,7451.9306428068985,7.452889086307572,-9.369776087653069,-0.0012573622242039253
2026-09-28 01:00:00+00:00,2026-09-28 02:00:00+00:00,2026-09-28 07:00:00+00:00,1,0.6244002623845639,4214.87997,4164.08699,7442.5608667192455,7.397716191670047,-97.08706629006788,-0.013044846797855591
2026-09-28 06:00:00+00:00,2026-09-28 07:00:00+00:00,2026-09-28 12:00:00+00:00,1,0.5587879944975296,4164.08699,4150.43746,7345.473800429178,7.33343487506043,-31.411285612556615,-0.004276277673296082
