timestamp,SELL,HOLD,BUY,close,model,logged_at
2026-10-01 21:00:00+00:00,0.3582211838016178,0.3909564466833233,0.2508223695150591,4178.93631,XAUUSD_1h_rf_balanced_plus_combined_production_v1,2026-10-06T05:21:08.580572+00:00
2026-10-01 22:00:00+00:00,0.3667647393957667,0.3815951338137788,0.2516401267904548,4178.92148,XAUUSD_1h_rf_balanced_plus_combined_production_v1,2026-10-06T05:21:08.580572+00:00
2026-10-01 23:00:00+00:00,0.4324158815454422,0.3673652432724797,0.2002188751820781,4182.31486,XAUUSD_1h_rf_balanced_plus_combined_production_v1,2026-10-06T05:21:08.580572+00:00
2026-10-02 00:00:00+00:00,0.4977700359215267,0.2914134150909251,0.2108165489875481,4158.75847,XAUUSD_1h_rf_balanced_plus_combined_production_v1,2026-10-06T05:21:08.580572+00:00
2026-10-02 01:00:00+00:00,0.459156599145554,0.3359238538444147,0.2049195470100312,4151.72174,XAUUSD_1h_rf_balanced_plus_combined_production_v1,2026-10-06T05:21:08.580572+00:00
2026-10-02 02:00:00+00:00,0.3832546926300411,0.3335123295527714,0.2832329778171874,4165.3851,XAUUSD_1h_rf_balanced_plus_combined_production_v1,2026-10-06T05:21:08.580572+00:00
2026-10-02 03:00:00+00:00,0.4419707599792699,0.2849001591161502,0.2731290809045801,4177.01688,XAUUSD_1h_rf_balanced_plus_combined_production_v1,2026-10-06T05:21:08.580572+00:00
2026-10-02 04:00:00+00:00,0.3868412677315527,0.3817850593160039,0.2313736729524437,4183.20847,XAUUSD_1h_rf_balanced_plus_combined_production_v1,2026-10-06T05:21:08.580572+00:00
2026-10-02 05:00:00+00:00,0.4813097716814712,0.2809154200699751,0.2377748082485534,4186.65442,XAUUSD_1h_rf_balanced_plus_combined_production_v1,2026-10-06T05:21:08.580572+00:00
2026-10-02 06:00:00+00:00,0.3977117179231679,0.354310366165264,0.2479779159115682,4178.03725,XAUUSD_1h_rf_balanced_plus_combined_production_v1,2026-10-06T05:21:08.580572+00:00
2026-10-02 07:00:00+00:00,0.5004900183343064,0.2695132942032489,0.229996687462445,4192.18363,XAUUSD_1h_rf_balanced_plus_combined_production_v1,2026-10-06T05:21:08.580572+00:00
2026-10-02 08:00:00+00:00,0.4189497042291059,0.3437565071554548,0.2372937886154396,4185.22086,XAUUSD_1h_rf_balanced_plus_combined_production_v1,2026-10-06T05:21:08.580572+00:00
2026-10-02 09:00:00+00:00,0.3499624344877176,0.4596090734728461,0.1904284920394364,4184.66501,XAUUSD_1h_rf_balanced_plus_combined_production_v1,2026-10-06T05:21:08.580572+00:00
2026-10-02 10:00:00+00:00,0.363924660514599,0.3582982680247294,0.2777770714606717,4181.54136,XAUUSD_1h_rf_balanced_plus_combined_production_v1,2026-10-06T05:21:08.580572+00:00
2026-10-02 11:00:00+00:00,0.3459891247811923,0.4014810140596994,0.2525298611591084,4183.02931,XAUUSD_1h_rf_balanced_plus_combined_production_v1,2026-10-06T05:21:08.580572+00:00
2026-10-02 12:00:00+00:00,0.4687394250690141,0.1884383953745303,0.3428221795564555,4216.95542,XAUUSD_1h_rf_balanced_plus_combined_production_v1,2026-10-06T05:21:08.580572+00:00
2026-10-02 13:00:00+00:00,0.3246748093851153,0.2459498759112761,0.4293753147036085,4190.70785,XAUUSD_1h_rf_balanced_plus_combined_production_v1,2026-10-06T05:21:08.580572+00:00
2026-10-02 14:00:00+00:00,0.3554300837242896,0.1839647438035707,0.46060517247214,4156.49652,XAUUSD_1h_rf_balanced_plus_combined_production_v1,2026-10-06T05:21:08.580572+00:00
2026-10-02 15:00:00+00:00,0.4926611326665498,0.2102873498906514,0.2970515174427989,4126.46256,XAUUSD_1h_rf_balanced_plus_combined_production_v1,2026-10-06T05:21:08.580572+00:00
2026-10-02 16:00:00+00:00,0.4479816408823786,0.256748680793728,0.2952696783238935,4139.52047,XAUUSD_1h_rf_balanced_plus_combined_production_v1,2026-10-06T05:21:08.580572+00:00
2026-10-02 17:00:00+00:00,0.3008583394903356,0.1926710314454754,0.5064706290641889,4133.79508,XAUUSD_1h_rf_balanced_plus_combined_production_v1,2026-10-06T05:21:08.580572+00:00
2026-10-02 18:00:00+00:00,0.3755887816079392,0.2517448087335707,0.3726664096584901,4145.10167,XAUUSD_1h_rf_balanced_plus_combined_production_v1,2026-10-06T05:21:08.580572+00:00
2026-10-02 19:00:00+00:00,0.2893633377294202,0.2227959439462505,0.4878407183243293,4146.32778,XAUUSD_1h_rf_balanced_plus_combined_production_v1,2026-10-06T05:21:08.580572+00:00
2026-10-02 20:00:00+00:00,0.289050988298513,0.1891971969569138,0.5217518147445734,4141.52795,XAUUSD_1h_rf_balanced_plus_combined_production_v1,2026-10-06T05:21:08.580572+00:00
2026-10-02 21:00:00+00:00,0.2381746446701684,0.2337366013778669,0.528088753951965,4137.63165,XAUUSD_1h_rf_balanced_plus_combined_production_v1,2026-10-06T05:21:08.580572+00:00
2026-10-02 22:00:00+00:00,0.1999625263401705,0.3004725978574779,0.4995648758023519,4137.63363,XAUUSD_1h_rf_balanced_plus_combined_production_v1,2026-10-06T05:21:08.580572+00:00
2026-10-02 23:00:00+00:00,0.2316258959052891,0.480585621599937,0.287788482494774,4137.63827,XAUUSD_1h_rf_balanced_plus_combined_production_v1,2026-10-06T05:21:08.580572+00:00
2026-10-03 00:00:00+00:00,0.2857588425779538,0.4332206271211682,0.281020530300878,4137.63687,XAUUSD_1h_rf_balanced_plus_combined_production_v1,2026-10-06T05:21:08.580572+00:00
2026-10-03 01:00:00+00:00,0.240793774742767,0.5183274391625367,0.2408787860946965,4137.62075,XAUUSD_1h_rf_balanced_plus_combined_production_v1,2026-10-06T05:21:08.580572+00:00
2026-10-03 02:00:00+00:00,0.1713965899395626,0.6350508182080051,0.1935525918524324,4137.63408,XAUUSD_1h_rf_balanced_plus_combined_production_v1,2026-10-06T05:21:08.580572+00:00
2026-10-03 03:00:00+00:00,0.1105585516750389,0.734008347378126,0.1554331009468351,4137.60557,XAUUSD_1h_rf_balanced_plus_combined_production_v1,2026-10-06T05:21:08.580572+00:00
2026-10-03 04:00:00+00:00,0.0666117983095349,0.8399518038484542,0.0934363978420107,4137.60333,XAUUSD_1h_rf_balanced_plus_combined_production_v1,2026-10-06T05:21:08.580572+00:00
2026-10-03 05:00:00+00:00,0.1024411001081405,0.7747885477737242,0.1227703521181353,4137.61294,XAUUSD_1h_rf_balanced_plus_combined_production_v1,2026-10-06T05:21:08.580572+00:00
2026-10-03 06:00:00+00:00,0.1198745402020288,0.7753676138868435,0.1047578459111276,4137.62711,XAUUSD_1h_rf_balanced_plus_combined_production_v1,2026-10-06T05:21:08.580572+00:00
2026-10-03 07:00:00+00:00,0.0798559371148885,0.8472744603187379,0.0728696025663736,4137.53612,XAUUSD_1h_rf_balanced_plus_combined_production_v1,2026-10-06T05:21:08.580572+00:00
2026-10-03 08:00:00+00:00,0.0625281492922157,0.9031270529579352,0.0343447977498489,4137.52954,XAUUSD_1h_rf_balanced_plus_combined_production_v1,2026-10-06T05:21:08.580572+00:00
2026-10-03 09:00:00+00:00,0.0602375584474453,0.903103294967846,0.0366591465847085,4137.51245,XAUUSD_1h_rf_balanced_plus_combined_production_v1,2026-10-06T05:21:08.580572+00:00
2026-10-03 10:00:00+00:00,0.0322176260795186,0.9384617668847208,0.0293206070357604,4137.5061,XAUUSD_1h_rf_balanced_plus_combined_production_v1,2026-10-06T05:21:08.580572+00:00
2026-10-03 11:00:00+00:00,0.0327647899152027,0.9391968723761812,0.0280383377086163,4137.50394,XAUUSD_1h_rf_balanced_plus_combined_production_v1,2026-10-06T05:21:08.580572+00:00
2026-10-03 12:00:00+00:00,0.0289770798551399,0.9196428054542696,0.0513801146905903,4137.5062,XAUUSD_1h_rf_balanced_plus_combined_production_v1,2026-10-06T05:21:08.580572+00:00
2026-10-03 13:00:00+00:00,0.0235767038354757,0.9473970423257704,0.0290262538387538,4137.51265,XAUUSD_1h_rf_balanced_plus_combined_production_v1,2026-10-06T05:21:08.580572+00:00
2026-10-03 14:00:00+00:00,0.0104212966786044,0.97450627980232,0.015072423519076,4137.52282,XAUUSD_1h_rf_balanced_plus_combined_production_v1,2026-10-06T05:21:08.580572+00:00
2026-10-03 15:00:00+00:00,0.1099343773597361,0.7978112811477205,0.0922543414925437,4137.59128,XAUUSD_1h_rf_balanced_plus_combined_production_v1,2026-10-06T05:21:08.580572+00:00
2026-10-03 16:00:00+00:00,0.2004695034790892,0.5563912106191718,0.2431392859017388,4137.57534,XAUUSD_1h_rf_balanced_plus_combined_production_v1,2026-10-06T05:21:08.580572+00:00
2026-10-03 17:00:00+00:00,0.1426960659788559,0.743596011304561,0.1137079227165828,4137.56762,XAUUSD_1h_rf_balanced_plus_combined_production_v1,2026-10-06T05:21:08.580572+00:00
2026-10-03 18:00:00+00:00,0.0345474773175324,0.8627232553458424,0.1027292673366253,4137.58382,XAUUSD_1h_rf_balanced_plus_combined_production_v1,2026-10-06T05:21:08.580572+00:00
2026-10-03 19:00:00+00:00,0.0294759062197787,0.9177431530433984,0.052780940736823,4137.59878,XAUUSD_1h_rf_balanced_plus_combined_production_v1,2026-10-06T05:21:08.580572+00:00
2026-10-03 20:00:00+00:00,0.026744304488177,0.9302454451956906,0.0430102503161326,4137.61145,XAUUSD_1h_rf_balanced_plus_combined_production_v1,2026-10-06T05:21:08.580572+00:00
2026-10-03 21:00:00+00:00,0.0133540529038229,0.9212051030795914,0.0654408440165859,4137.62426,XAUUSD_1h_rf_balanced_plus_combined_production_v1,2026-10-06T05:21:08.580572+00:00
2026-10-03 22:00:00+00:00,0.0934818011200477,0.7970793049802698,0.1094388938996825,4137.62996,XAUUSD_1h_rf_balanced_plus_combined_production_v1,2026-10-06T05:21:08.580572+00:00
2026-10-03 23:00:00+00:00,0.0285637192306428,0.8844917084434094,0.0869445723259478,4137.63143,XAUUSD_1h_rf_balanced_plus_combined_production_v1,2026-10-06T05:21:08.580572+00:00
2026-10-04 00:00:00+00:00,0.0240056864194748,0.899048505815965,0.07694580776456,4137.62857,XAUUSD_1h_rf_balanced_plus_combined_production_v1,2026-10-06T05:21:08.580572+00:00
2026-10-04 01:00:00+00:00,0.0152126517273576,0.909805273501868,0.0749820747707744,4137.62157,XAUUSD_1h_rf_balanced_plus_combined_production_v1,2026-10-06T05:21:08.580572+00:00
2026-10-04 02:00:00+00:00,0.0430548552754435,0.8642926139520953,0.0926525307724611,4137.61093,XAUUSD_1h_rf_balanced_plus_combined_production_v1,2026-10-06T05:21:08.580572+00:00
2026-10-04 03:00:00+00:00,0.0135797152194211,0.913780346223264,0.0726399385573147,4137.59738,XAUUSD_1h_rf_balanced_plus_combined_production_v1,2026-10-06T05:21:08.580572+00:00
2026-10-04 04:00:00+00:00,0.0099686041083099,0.929076257634694,0.0609551382569958,4137.60263,XAUUSD_1h_rf_balanced_plus_combined_production_v1,2026-10-06T05:21:08.580572+00:00
2026-10-04 05:00:00+00:00,0.0118853444560848,0.9267506494764088,0.0613640060675063,4137.61762,XAUUSD_1h_rf_balanced_plus_combined_production_v1,2026-10-06T05:21:08.580572+00:00
2026-10-04 06:00:00+00:00,0.0637241581947464,0.8320421394266211,0.1042337023786327,4137.63065,XAUUSD_1h_rf_balanced_plus_combined_production_v1,2026-10-06T05:21:08.580572+00:00
2026-10-04 07:00:00+00:00,0.0524727102619774,0.8543212454015944,0.0932060443364286,4137.53472,XAUUSD_1h_rf_balanced_plus_combined_production_v1,2026-10-06T05:21:08.580572+00:00
2026-10-04 08:00:00+00:00,0.0117783867170056,0.9515450840345848,0.0366765292484097,4137.52245,XAUUSD_1h_rf_balanced_plus_combined_production_v1,2026-10-06T05:21:08.580572+00:00
2026-10-04 09:00:00+00:00,0.0081411318150448,0.9626416557635092,0.0292172124214458,4137.51346,XAUUSD_1h_rf_balanced_plus_combined_production_v1,2026-10-06T05:21:08.580572+00:00
2026-10-04 10:00:00+00:00,0.0065300207039337,0.9785177708764664,0.0149522084195997,4137.50839,XAUUSD_1h_rf_balanced_plus_combined_production_v1,2026-10-06T05:21:08.580572+00:00
2026-10-04 11:00:00+00:00,0.0764883432772364,0.8220393658986925,0.101472290824071,4137.50758,XAUUSD_1h_rf_balanced_plus_combined_production_v1,2026-10-06T05:21:08.580572+00:00
2026-10-04 12:00:00+00:00,0.0331782152121161,0.8667250967910796,0.1000966879968041,4137.5111,XAUUSD_1h_rf_balanced_plus_combined_production_v1,2026-10-06T05:21:08.580572+00:00
2026-10-04 13:00:00+00:00,0.1619293915094873,0.6034028257882386,0.2346677827022742,4137.51869,XAUUSD_1h_rf_balanced_plus_combined_production_v1,2026-10-06T05:21:08.580572+00:00
2026-10-04 14:00:00+00:00,0.1005580357399862,0.6475386458711189,0.2519033183888948,4137.52984,XAUUSD_1h_rf_balanced_plus_combined_production_v1,2026-10-06T05:21:08.580572+00:00
2026-10-04 15:00:00+00:00,0.2041257595826523,0.5567651590381526,0.2391090813791954,4137.59002,XAUUSD_1h_rf_balanced_plus_combined_production_v1,2026-10-06T05:21:08.580572+00:00
2026-10-04 16:00:00+00:00,0.0822390449001664,0.6791046889722765,0.2386562661275568,4137.57419,XAUUSD_1h_rf_balanced_plus_combined_production_v1,2026-10-06T05:21:08.580572+00:00
2026-10-04 17:00:00+00:00,0.0230164141414141,0.9066637876012874,0.0703197982572982,4137.57586,XAUUSD_1h_rf_balanced_plus_combined_production_v1,2026-10-06T05:21:08.580572+00:00
2026-10-04 18:00:00+00:00,0.1802231899453016,0.5876676579396645,0.2321091521150338,4137.60481,XAUUSD_1h_rf_balanced_plus_combined_production_v1,2026-10-06T05:21:08.580572+00:00
2026-10-04 19:00:00+00:00,0.1729980612631602,0.6083324075021673,0.2186695312346727,4137.61604,XAUUSD_1h_rf_balanced_plus_combined_production_v1,2026-10-06T05:21:08.580572+00:00
2026-10-04 20:00:00+00:00,0.1746968298213088,0.5804621058564016,0.2448410643222895,4137.63309,XAUUSD_1h_rf_balanced_plus_combined_production_v1,2026-10-06T05:21:08.580572+00:00
2026-10-04 21:00:00+00:00,0.3063753110400515,0.3603855896046273,0.3332390993553213,4142.80951,XAUUSD_1h_rf_balanced_plus_combined_production_v1,2026-10-06T05:21:08.580572+00:00
2026-10-04 22:00:00+00:00,0.2112332299837564,0.4921386090540535,0.2966281609621902,4147.81553,XAUUSD_1h_rf_balanced_plus_combined_production_v1,2026-10-06T05:21:08.580572+00:00
2026-10-04 23:00:00+00:00,0.2501411966799945,0.5252117081810111,0.2246470951389943,4142.54287,XAUUSD_1h_rf_balanced_plus_combined_production_v1,2026-10-06T05:21:08.580572+00:00
2026-10-05 00:00:00+00:00,0.2863281869261012,0.2775648693248141,0.4361069437490847,4156.3139,XAUUSD_1h_rf_balanced_plus_combined_production_v1,2026-10-06T05:21:08.580572+00:00
2026-10-05 01:00:00+00:00,0.279134987841504,0.3760511092926293,0.3448139028658665,4161.23984,XAUUSD_1h_rf_balanced_plus_combined_production_v1,2026-10-06T05:21:08.580572+00:00
2026-10-05 02:00:00+00:00,0.2799071887360403,0.439882138449143,0.2802106728148168,4142.82535,XAUUSD_1h_rf_balanced_plus_combined_production_v1,2026-10-06T05:21:08.580572+00:00
2026-10-05 03:00:00+00:00,0.1636101717158581,0.5608101412125265,0.2755796870716151,4144.70851,XAUUSD_1h_rf_balanced_plus_combined_production_v1,2026-10-06T05:21:08.580572+00:00
2026-10-05 04:00:00+00:00,0.273711282807083,0.4143254462871323,0.3119632709057845,4131.67954,XAUUSD_1h_rf_balanced_plus_combined_production_v1,2026-10-06T05:21:08.580572+00:00
2026-10-05 05:00:00+00:00,0.1324332389891473,0.6719080907815045,0.1956586702293483,4134.40225,XAUUSD_1h_rf_balanced_plus_combined_production_v1,2026-10-06T05:21:08.580572+00:00
2026-10-05 06:00:00+00:00,0.2148641639936948,0.4002280740516112,0.3849077619546941,4154.37638,XAUUSD_1h_rf_balanced_plus_combined_production_v1,2026-10-06T05:21:08.580572+00:00
2026-10-05 07:00:00+00:00,0.1455503314143423,0.6687105186382916,0.1857391499473661,4162.0633,XAUUSD_1h_rf_balanced_plus_combined_production_v1,2026-10-06T05:21:08.580572+00:00
2026-10-05 08:00:00+00:00,0.2154968531391113,0.6131842796835515,0.171318867177337,4166.56294,XAUUSD_1h_rf_balanced_plus_combined_production_v1,2026-10-06T05:21:08.580572+00:00
2026-10-05 09:00:00+00:00,0.1293860392449838,0.6590106867488222,0.211603274006194,4159.40274,XAUUSD_1h_rf_balanced_plus_combined_production_v1,2026-10-06T05:21:08.580572+00:00
2026-10-05 10:00:00+00:00,0.1266642294190416,0.354865746267011,0.5184700243139474,4162.21746,XAUUSD_1h_rf_balanced_plus_combined_production_v1,2026-10-06T05:21:08.580572+00:00
2026-10-05 11:00:00+00:00,0.3308232837724171,0.4783334735939026,0.1908432426336802,4155.31885,XAUUSD_1h_rf_balanced_plus_combined_production_v1,2026-10-06T05:21:08.580572+00:00
2026-10-05 12:00:00+00:00,0.1231861813522605,0.6911803836899874,0.1856334349577521,4157.39017,XAUUSD_1h_rf_balanced_plus_combined_production_v1,2026-10-06T05:21:08.580572+00:00
2026-10-05 13:00:00+00:00,0.3211257940238395,0.4459615044540567,0.232912701522104,4135.92768,XAUUSD_1h_rf_balanced_plus_combined_production_v1,2026-10-06T05:21:08.580572+00:00
2026-10-05 14:00:00+00:00,0.2083001087296541,0.4248322128672527,0.3668676784030929,4147.73406,XAUUSD_1h_rf_balanced_plus_combined_production_v1,2026-10-06T05:21:08.580572+00:00
2026-10-05 15:00:00+00:00,0.3747298628212181,0.4496952873192959,0.1755748498594862,4136.8082,XAUUSD_1h_rf_balanced_plus_combined_production_v1,2026-10-06T05:21:08.580572+00:00
2026-10-05 16:00:00+00:00,0.2334325538623013,0.5352049574309021,0.2313624887067965,4131.87398,XAUUSD_1h_rf_balanced_plus_combined_production_v1,2026-10-06T05:21:08.580572+00:00
2026-10-05 17:00:00+00:00,0.3554615069057313,0.4842796602030466,0.1602588328912218,4135.75369,XAUUSD_1h_rf_balanced_plus_combined_production_v1,2026-10-06T05:21:08.580572+00:00
2026-10-05 18:00:00+00:00,0.2555053951384942,0.6019065721006046,0.1425880327609008,4142.53934,XAUUSD_1h_rf_balanced_plus_combined_production_v1,2026-10-06T05:21:08.580572+00:00
2026-10-05 19:00:00+00:00,0.3483142867307813,0.4724212001788022,0.1792645130904168,4141.04567,XAUUSD_1h_rf_balanced_plus_combined_production_v1,2026-10-06T05:21:08.580572+00:00
2026-10-05 20:00:00+00:00,0.3633058678111973,0.4797009143322391,0.1569932178565639,4140.51403,XAUUSD_1h_rf_balanced_plus_combined_production_v1,2026-10-06T05:21:08.580572+00:00
2026-10-05 21:00:00+00:00,0.2173001450317911,0.6108383590442251,0.1718614959239842,4139.59984,XAUUSD_1h_rf_balanced_plus_combined_production_v1,2026-10-06T05:21:08.580572+00:00
2026-10-05 22:00:00+00:00,0.2497423378320069,0.6251547627239953,0.1251028994439976,4140.99603,XAUUSD_1h_rf_balanced_plus_combined_production_v1,2026-10-06T05:21:08.580572+00:00
2026-10-05 23:00:00+00:00,0.2343583716504596,0.5383740654277449,0.2272675629217952,4134.03217,XAUUSD_1h_rf_balanced_plus_combined_production_v1,2026-10-06T05:21:08.580572+00:00
2026-10-06 00:00:00+00:00,0.3090565765771287,0.3932492461423348,0.2976941772805364,4147.55626,XAUUSD_1h_rf_balanced_plus_combined_production_v1,2026-10-06T05:21:08.580572+00:00
2026-10-06 01:00:00+00:00,0.2441989191974836,0.3551888727741685,0.4006122080283479,4131.37452,XAUUSD_1h_rf_balanced_plus_combined_production_v1,2026-10-06T05:21:08.580572+00:00
2026-10-06 02:00:00+00:00,0.3085832437351782,0.4726746609813502,0.2187420952834714,4130.4533,XAUUSD_1h_rf_balanced_plus_combined_production_v1,2026-10-06T05:21:08.580572+00:00
2026-10-06 03:00:00+00:00,0.2212586224711998,0.5193893395510785,0.2593520379777217,4127.86654,XAUUSD_1h_rf_balanced_plus_combined_production_v1,2026-10-06T05:21:08.580572+00:00
2026-10-06 04:00:00+00:00,0.2100082474273789,0.516760773624751,0.2732309789478702,4122.47393,XAUUSD_1h_rf_balanced_plus_combined_production_v1,2026-10-06T05:21:08.580572+00:00
2026-10-06 05:00:00+00:00,0.1904257888919327,0.5188812559536984,0.2906929551543685,4116.84477,XAUUSD_1h_rf_balanced_plus_combined_production_v1,2026-10-07T02:59:06.646928+00:00
2026-10-06 06:00:00+00:00,0.3523701080311127,0.3785325036218208,0.2690973883470671,4131.84027,XAUUSD_1h_rf_balanced_plus_combined_production_v1,2026-10-07T02:59:06.646928+00:00
2026-10-06 07:00:00+00:00,0.3277535705691104,0.407443319282729,0.2648031101481608,4140.09137,XAUUSD_1h_rf_balanced_plus_combined_production_v1,2026-10-07T02:59:06.646928+00:00
2026-10-06 08:00:00+00:00,0.3651939347294927,0.3825021881376023,0.2523038771329053,4154.67125,XAUUSD_1h_rf_balanced_plus_combined_production_v1,2026-10-07T02:59:06.646928+00:00
2026-10-06 09:00:00+00:00,0.3807597962614729,0.4157363821882187,0.2035038215503083,4152.32789,XAUUSD_1h_rf_balanced_plus_combined_production_v1,2026-10-07T02:59:06.646928+00:00
2026-10-06 10:00:00+00:00,0.2218147022138252,0.4723436421021478,0.3058416556840269,4158.66549,XAUUSD_1h_rf_balanced_plus_combined_production_v1,2026-10-07T02:59:06.646928+00:00
2026-10-06 11:00:00+00:00,0.2536942892951638,0.4619103382299706,0.2843953724748657,4172.68129,XAUUSD_1h_rf_balanced_plus_combined_production_v1,2026-10-07T02:59:06.646928+00:00
2026-10-06 12:00:00+00:00,0.2014959767575831,0.4906890850763734,0.3078149381660438,4170.77593,XAUUSD_1h_rf_balanced_plus_combined_production_v1,2026-10-07T02:59:06.646928+00:00
2026-10-06 13:00:00+00:00,0.4586351905179406,0.291158655586902,0.2502061538951575,4154.49482,XAUUSD_1h_rf_balanced_plus_combined_production_v1,2026-10-07T02:59:06.646928+00:00
2026-10-06 14:00:00+00:00,0.3800024063765558,0.4150462624315356,0.2049513311919087,4154.26492,XAUUSD_1h_rf_balanced_plus_combined_production_v1,2026-10-07T02:59:06.646928+00:00
2026-10-06 15:00:00+00:00,0.4131723924700486,0.3394088547781105,0.2474187527518411,4164.84021,XAUUSD_1h_rf_balanced_plus_combined_production_v1,2026-10-07T02:59:06.646928+00:00
2026-10-06 16:00:00+00:00,0.4821646878411593,0.3001217145193934,0.2177135976394477,4156.22994,XAUUSD_1h_rf_balanced_plus_combined_production_v1,2026-10-07T02:59:06.646928+00:00
2026-10-06 17:00:00+00:00,0.3348907349434766,0.4595188632836269,0.2055904017728964,4165.52669,XAUUSD_1h_rf_balanced_plus_combined_production_v1,2026-10-07T02:59:06.646928+00:00
2026-10-06 18:00:00+00:00,0.4017703609696072,0.3673643083208358,0.2308653307095569,4176.53715,XAUUSD_1h_rf_balanced_plus_combined_production_v1,2026-10-07T02:59:06.646928+00:00
2026-10-06 19:00:00+00:00,0.5104879091821182,0.3045715868766444,0.1849405039412378,4169.38893,XAUUSD_1h_rf_balanced_plus_combined_production_v1,2026-10-07T02:59:06.646928+00:00
2026-10-06 20:00:00+00:00,0.348695128041603,0.4161402932543144,0.2351645787040827,4164.32978,XAUUSD_1h_rf_balanced_plus_combined_production_v1,2026-10-07T02:59:06.646928+00:00
2026-10-06 21:00:00+00:00,0.1707943136136978,0.5997084572167399,0.2294972291695624,4164.6363,XAUUSD_1h_rf_balanced_plus_combined_production_v1,2026-10-07T02:59:06.646928+00:00
2026-10-06 22:00:00+00:00,0.2873852585089967,0.5014969250035732,0.2111178164874301,4162.76848,XAUUSD_1h_rf_balanced_plus_combined_production_v1,2026-10-07T02:59:06.646928+00:00
2026-10-06 23:00:00+00:00,0.2110440159746915,0.3570596617761227,0.4318963222491858,4166.18684,XAUUSD_1h_rf_balanced_plus_combined_production_v1,2026-10-07T02:59:06.646928+00:00
2026-10-07 00:00:00+00:00,0.2474575395214571,0.4352223990016472,0.3173200614768959,4157.59564,XAUUSD_1h_rf_balanced_plus_combined_production_v1,2026-10-07T02:59:06.646928+00:00
2026-10-07 01:00:00+00:00,0.2217848748799651,0.5302341658477353,0.2479809592722996,4147.68849,XAUUSD_1h_rf_balanced_plus_combined_production_v1,2026-10-07T02:59:06.646928+00:00
2026-10-07 02:00:00+00:00,0.2614852198382059,0.5200513920271735,0.21846338813462057,4142.28878,XAUUSD_1h_rf_balanced_plus_combined_production_v1,2026-10-07T03:11:55.293650+00:00
